,Unnamed: 0,EquipmentLength,EquipmentWidth,EquipmentHeight,MinTemp,MaxTemp,TotalValue,Miles,TotalWeight,Tarps,Repeat,TankerUnload,TankerRooms,TankerVolume,TankerVolumeUnit,NumStops,TotalPallets,LoadCommodityMasterLinkID,OriginLatitude,OriginLongitude,DestinationLatitude,DestinationLongitude,Volume_Last_30,Avg_Cost_Last_30,Avg_Rate_Last_30,NTIBooked,NTIAssumed,TenderVolume,S/D Ratio,Avg_Weight_Last_14,Avg_Dist_Last_14,USD/Mile,Avg_Cost_Last_14,Avg_Rate_Last_14,Cost_Volatility_Last_14,Rate_Volatility_Last_14,TRUCKD11,DJTA,DTB3,GASREGW,IPG2122N,IPG3361T3S,GDP,PPIACO,BUSINV,PCU48414841
Unnamed: 0,1.337408349972125,0.033914396580495776,0.0069519355240688085,0.0030853704945332794,0.0,0.005352831803063118,0.05622178515302423,0.08531476391388981,0.07569003721343259,0.016649654424369942,0.09902291139477892,0.0002160172270704308,2.4166541619408122e-05,0.0,0.0,0.0,0.0,0.009759873810858188,0.23853819328485226,0.23735838808595489,0.15037938180746968,0.16086176246496242,0.4983896444879923,0.5242175207468973,0.5357372435250172,0.4807590360643932,0.5020568521564224,0.5004365341311008,0.5079887056760954,0.5006387911627166,0.5350124165037213,0.49909846414540837,0.48311155567370534,0.4909412015469412,0.4958740690435013,0.5109705367289266,0.4725894314392507,0.5329435318737286,0.4735213551060218,0.0004134301324025813,0.5190714457159702,0.486590883631993,0.5042063693141623,0.4950552860552877,0.5084742894988361,0.4656258306525043
EquipmentLength,0.12563915822188298,0.6508048916110565,0.07317069292701994,0.030033389070927896,0.017655056180826634,0.01708667345593895,0.14981204809634008,0.12637845099753586,0.23714955247928216,0.29478186518076566,0.13136178435198254,0.0,0.005910142953738706,0.01395958414414622,0.0,0.0,0.20700825741667206,0.14821818087288818,0.20254703538754648,0.19179678081812912,0.16493255689056463,0.1427105095651091,0.06952232874990738,0.035320171535188294,0.04100270363273406,0.07635593010949382,0.05046103235252186,0.04207807120199192,0.0798401801951294,0.03545411123459674,0.06546138717355765,0.03209778953255271,0.07879025905753423,0.04807011453568144,0.056277546448810334,0.05309387768950469,0.0046591318237139134,0.031182526209644568,0.05220863039156942,0.0,0.000880761913892858,0.05067365019939585,0.010074024690045036,0.0,0.02349076121214133,0.030576124160484497
EquipmentWidth,0.007361020957082687,0.021689631032186796,0.18422675796705645,0.03787969966897142,0.0,0.0,0.0,0.010892647619784368,0.049806963295308204,0.049957198059914276,0.03571946731651332,0.0,0.0,0.0,0.0011240525330808993,0.0,0.08696831030090868,0.07705614139052663,0.03793441614019466,0.04471109090781655,0.005649354244437577,0.01597769033313523,0.008666682812622062,0.005421401522589742,0.0009619504199711582,0.001612233844719313,0.015148567135581992,0.0,0.0,0.005197387019095556,0.006802874188817309,0.0,0.017932699590917256,0.002715132336746917,0.032179776631100054,0.024169855022980524,0.0003452514916073568,0.01772613622625574,0.0,0.05887134503544589,0.0,0.01237395318618928,0.00024357874403513335,0.0,0.008276221289643004,0.0
EquipmentHeight,0.007943617152660343,0.05687067125110579,0.06783429277446018,0.10195468443000744,0.0009740358911187741,0.00592414046560874,0.02867567643723712,0.0,0.013110159897275597,0.014857049155583724,0.040413460025167325,0.04082486406206964,0.014580004479354702,0.0,0.044661871931051866,0.05318859631514661,0.0,0.0,0.012247706130037672,0.014363455476396947,0.00017637688018035114,0.005491595578223762,0.016452360688612666,0.0015991231993632837,0.005587461643841385,0.02698926836606108,0.012362567587984818,0.009863855689534518,0.02025843367776181,0.007234091631036943,0.0,0.004353346009077663,0.010031592785817889,0.0,0.01564267022577126,0.0,0.00010801774697544175,0.004136993113768916,0.028467416974477633,0.0,0.027167506306747802,0.0,0.0,0.0066843978309567564,0.0,0.004407121505662248
MinTemp,0.0017263698564468077,0.03329631527202448,0.0,0.0025678382411502554,0.03532416351613943,0.05320352442731835,0.0,0.0,5.619430182246532e-05,0.007045732985605291,0.0,0.005006996107852935,0.04444378958453221,0.0,0.053372449006592326,0.022638875436915562,0.0,0.0,0.008406328358143922,0.01642191592907638,0.0,0.0066779403938872495,0.0,0.01296501967446595,0.013696250055390768,0.0183368199275602,0.0,0.009671604738379358,0.0,0.0,0.0,0.0,0.016432132121681153,0.022833851645749803,0.024950937360458614,0.0,0.024687921025756232,0.02325165894849457,0.0,0.0027459959165057057,0.0,0.0,0.018368966911977314,0.0,0.0,0.0
MaxTemp,0.0017263698564468077,0.0007001008486713367,0.021038764932630016,0.0,0.019832923604303332,0.024985768910271933,0.006349188862588839,0.0,0.017278918785883723,0.0,0.0,0.0,0.0,0.01197383722437273,0.0,0.011323261015878217,0.014380579605186128,0.0,0.010599042548005144,0.030042809173664864,0.0,0.017583059255284583,0.0,0.0331414391724596,0.03006241677262933,0.0,0.035440559945748795,0.00471694678144674,0.0,0.0,0.0,0.0,0.0,0.0,0.0,0.0,0.008560935334910535,0.022627773626819447,0.0,0.0,0.006441218275627936,0.009690813427521316,0.0,0.0061112827376035295,0.010228634095346578,0.011752278639615366
TotalValue,0.18522048459346863,0.1785516697734768,0.0,0.03838251691185679,0.0,0.009302442308857906,1.2023922345309428,0.18608045805280127,0.2317845486500567,0.09991898690142698,0.128166715249594,0.0019889502434962125,0.01646450963924373,0.002268723339208023,0.0,0.0,0.213699441157436,0.2672958853645566,0.4193593847431083,0.40102694323541455,0.2808344509609475,0.25880919988662,0.0,0.07574972023550997,0.015945011163216005,0.0,0.00841272831893658,0.02962028452122567,0.0496051789339349,0.03621757694134331,0.006834157035122246,0.002833543712378539,0.03626467580662629,0.025671978811018903,0.022473558197854793,0.03785022767822177,0.0,0.019303731639922717,0.025413141696337238,0.0,0.003589158126016123,0.019497518772821465,0.024693974268781727,0.0019687332798117296,0.01907795501454368,0.0078351912946939
Miles,0.28494175620724116,0.12659765491769992,0.011062413200638055,0.007592298381953633,0.0,0.0,0.18122464455938125,5.481827126506612,0.2557585795300401,0.10800548633725082,0.17765871882046458,0.005251694961051712,0.0,0.0,0.0,0.07961319964487945,0.11229407575643702,0.15258023699197132,0.4892543524490085,0.5529028715343447,0.5262631680521035,0.6569997028402392,0.03177609110937141,0.032914048197746126,0.041557552277059706,0.036123532300015526,0.042321677107878486,0.03078089185733557,0.025662708348125562,0.03042852175982258,0.02911590618129356,0.03336431982174748,0.041659276815956936,0.023192619199357445,0.03352771302358715,0.021143867941143313,0.0395212966597418,0.03039010364480177,0.03262398055948523,0.0,0.023870056354524216,0.035675750313997945,0.02992218737960517,0.029391251165507448,0.021989974152657688,0.025226810519822784
TotalWeight,0.2289042526584848,0.2133492920490685,0.03656166205595923,0.026629750095580107,0.008252278171242189,0.0051634899292629655,0.2576688311061446,0.25339181512392894,5.305046612413589,0.2706467657996008,0.2698956737848812,0.001763481175878212,0.013106758510398997,0.0,0.0,0.05843369177912017,0.7221940511869516,0.2693021531584616,0.451237301838491,0.4379473227325401,0.27043984208933836,0.2511140653354369,0.07057860572347519,0.07514823215823974,0.06282211165988016,0.07832041228244258,0.08727202885425189,0.0790924735583971,0.08379204362317072,0.08561436759015884,0.09299435034742043,0.09731843613895919,0.07751394078065754,0.08750507255679363,0.09961009082490158,0.07555793153831747,0.04162986537436808,0.11299999013895157,0.07251836628967645,0.013841174835198089,0.07261904024782062,0.04768273361047548,0.04319665295263331,0.038850734367012585,0.05837317894227656,0.06328898462400279
Tarps,0.09427663652756446,0.2942209463768841,0.029533453809999166,0.04894442437665791,0.0,0.0,0.10153821404608321,0.10212122985310113,0.2592728262225925,0.6419851611363181,0.13966341555446737,0.05361741160561362,0.0,0.012329221509821409,0.0,0.059794659469154965,0.21505736677031484,0.11234404019962252,0.17702940563030856,0.20255064353302887,0.13303714068384687,0.12300291142288566,0.029848975696631808,0.03622775045582105,0.055019146341133585,0.0,0.030936359156312987,0.04037543908252905,0.03368071558010666,0.05238491349865093,0.014218913280053425,0.013028203929685178,0.017420129791161143,0.01056820683515447,0.005602637422021051,0.0467045011202285,0.012871556819806784,0.028529347391514026,0.032573916796136304,0.0,0.008115452588364658,0.021820828076992038,0.0,0.004022431814455496,0.007974573267806928,0.025144497068833704
Repeat,0.16370318537907558,0.1428687825845203,0.0008449059442456885,0.00810015260134822,0.0652033752387644,0.0,0.14540520327934026,0.18627752342963344,0.25999241541408447,0.08776599549412722,1.228893374999806,0.0,0.006430229749254224,0.0,0.0,0.02734159393564628,0.22332983275414842,0.259785855660827,0.24701065851097215,0.24711017544836666,0.2365889760399933,0.2140751377782204,0.035108319272684874,0.0499361012759727,0.05709455482734471,0.07861108452003007,0.03521703434673462,0.030231153541005806,0.049641556638583495,0.03480697706017244,0.03317753795654266,0.04644952523165591,0.028280763097756623,0.06478111217419569,0.04494439784640614,0.037071279522802314,0.0537494899817319,0.044579167357110094,0.051449810731040824,0.004132226905808167,0.05305896588076964,0.04247651107333672,0.06154677381019358,0.039662705871664095,0.038533517554500296,0.05865295989017971
TankerUnload,0.0,0.0038118581034716215,0.007008053572451267,0.0,0.0,0.0,0.004840146521076338,0.0,0.002175015602381869,0.0200932004152925,0.0,0.0,0.00023642030379233958,0.06429665114814753,0.024118375204275733,0.0,0.008606560314081246,0.0,0.001301487403294388,0.020737834262371413,0.0008788084233437576,0.005022068576937433,0.0072595152542545005,0.0,0.0,0.0,0.011550007604471668,0.0,0.0,0.0006614393930800544,0.013470145471127681,0.004522511399373652,0.026208912373385962,0.004041707213878976,0.01121366363077625,0.0,0.0,0.01613705813601496,0.014337016211032338,0.015293535009909931,0.017668606791075625,0.0,0.0,0.0,0.0,0.0
TankerRooms,0.0,0.00778755993812652,0.0,0.02397681235033078,0.007297293735970545,0.0,0.007073799580437523,0.01086806251738004,0.0,0.014946652297467278,0.009973016417307523,0.004581698535544465,0.01010883574331789,0.0001984127914869127,0.0,0.0006611321933429615,0.0,0.011076832077238752,0.0037224947349170368,0.0,0.00010207944583651152,0.0,0.02291292407369694,0.007751520995055383,0.0,0.010852168210520041,0.014681112658526674,0.0,0.001431907132915411,0.000475264260598407,0.0007745678379487142,0.004408517824247893,0.03055785947792322,0.0,0.025760801887089402,0.02448908404347816,0.0,0.01000055848314818,0.0,0.01467063356466447,0.0,0.017607793212310208,0.0,0.0,0.0023081700795511972,0.0
TankerVolume,0.0,0.0,0.0,0.0,0.0,0.0,0.0,0.0,0.0,0.0,0.015046005170725962,0.0,0.0,0.0,0.0,0.0,0.0,0.024184873836685217,0.0,0.004140200019542961,0.0,0.008503740268079651,0.0,0.013901631421505467,0.0,0.0,0.0,0.013635996539225204,0.0,0.0,0.0,0.0,0.0,0.04526454089930665,0.0,0.0,0.002626053047358412,0.0,0.0,0.009083153988479253,0.005229648581279944,0.014518631745145338,0.003617673564212831,0.006954801538996747,0.004433098814867975,0.0069174991420997145
TankerVolumeUnit,0.0,0.0,0.0,0.023327456051807527,0.016904884293270417,0.0,0.00811969659649625,0.0,0.0,0.0013561124612104791,0.0,0.006617826315958197,0.0,0.0,0.008456025693737157,0.0,0.02643436831407353,0.009174317801442289,0.0007677350793786619,0.0,0.002320916782801996,0.0017985749163034193,0.03261174781039422,0.0,0.011158206144564975,0.01654923315241774,0.005631592071055902,0.0,0.0,0.0,0.0,0.0,0.019329362499198366,0.0,0.026173428878490945,0.0,0.0014841275661352515,0.0,0.016607968638128856,0.0,0.006423097567819003,0.0006965516064076915,0.0022205846469598445,0.0,0.0039377336309041056,0.0
NumStops,0.032609318885837624,0.03379279383494671,0.01246322754697804,0.0,0.0011055184384938244,0.0,0.02010701443237961,0.05950564471052533,0.06625036965684772,0.00801233106010546,0.026289991185022288,0.0,0.0,0.031688461758794695,0.0,0.23545307294510565,0.0364517778719291,0.006638607396735274,0.03242246296559825,0.04425716273980518,0.04047910784148723,0.05434487558717249,0.0,0.0,0.021374177046872278,0.0016447901543177323,0.0,0.017032232053145968,0.016413350259823378,0.01253802748175481,0.018020143729287286,0.008144393328379351,0.01431119073351228,0.011363933437294804,0.0,0.010428354024667463,0.013567165522191393,0.01588493023897075,0.0,0.03449377354282124,0.0,0.0038223322789332492,0.02965333839789497,0.00480020917313051,0.0,0.0
TotalPallets,0.09079043373714502,0.17254037831422453,0.018142373652445087,0.0,0.013816062503133164,0.05207466251402204,0.20261624524001887,0.10951045989888852,0.7120462605895326,0.16238483412249938,0.21507099265336826,0.016153262769583954,0.0,0.0,0.033754341972749735,0.0263586304033554,1.79613230106462,0.33442117503438595,0.22956447212442876,0.2154220446192303,0.17457141896263684,0.14613110589189615,0.011841731101242647,0.025841115491638256,0.0083152375611113,0.034134052979094776,0.020353198497410574,0.0020361802085573366,0.0,0.0,0.0,0.022394602241000428,0.016592308089081964,0.051537180875915745,0.028143029214732884,0.027280447788409656,0.0,0.054122439427835456,0.001819732721397127,0.023650506250505465,0.0,0.004724279116720798,0.002639066924167821,0.0,0.005748167481397726,0.0
LoadCommodityMasterLinkID,0.00569620008364935,0.0,0.006030197437183027,0.0,0.000311928450512422,0.0,0.12180662740661585,0.015696203710731105,0.03934478410481845,0.017792740101524984,0.0,0.04311667280324194,0.010149281619868944,0.0,0.0,0.0,0.0014756159865774165,0.5241364765228651,0.09048784096122064,0.062036795034521974,0.017258024069633393,0.0065763490810404335,0.0,0.00499948717200982,0.009949132921405646,0.0,0.016763703010972852,0.0,0.0,0.0,0.0,0.0,0.0,0.0,0.0021195579970869627,0.0,0.0,0.00956794288121876,0.0,0.0,0.0,0.01744128554517932,0.009172756270516613,0.006584325156616,0.0,0.0
OriginLatitude,0.6020715705852564,0.18331990828541755,0.05361580989960668,0.0174916391067379,0.0097125642049809,0.02129783713299993,0.4119468298440587,0.48653248213188993,0.4488133505134577,0.18059568102659984,0.239897026914214,0.0,0.0,0.004618344451272627,0.0,0.053802697798945864,0.21701930513202417,0.22875672562014238,4.892213375931713,2.5306317934148064,0.37300459142156583,0.43762576441416456,0.1254824030405448,0.14441229097123287,0.12397902628472934,0.15307054372438156,0.10605986797978773,0.11892724680686495,0.11631337406349473,0.14858754025887677,0.12193201671170772,0.18144662987612215,0.15859818088679312,0.12237961277111076,0.12356687021140633,0.14047932444930566,0.1434742528688142,0.1455610912400287,0.14008241892596018,0.0,0.15668426395495327,0.12888426378474183,0.13626545572029514,0.1322258265941345,0.1194961826746983,0.13210205913266737
OriginLongitude,0.5993660886518848,0.18474067467410915,0.0419508978234413,0.02124196989912175,0.0401190504546145,0.023526723736279287,0.3915249480683114,0.5467456145711891,0.44386861068203043,0.20464752532012653,0.2416393380580555,0.0,0.003130626744479059,0.006962569286365294,0.0,0.06090174789970515,0.22857994011828264,0.2317891984249334,2.5318044510996898,4.868812563569188,0.42279764962458,0.5025488104176326,0.15777372303111825,0.14230797669663087,0.15083475700627336,0.1620356105655194,0.1416106137508759,0.1579387039511353,0.13177363479918558,0.15228900899110442,0.13565015462469177,0.1651961154597421,0.17556658994243257,0.18396816172741381,0.1454241315103273,0.17055163339120227,0.14357749120963348,0.13982197600899582,0.14778411040515316,0.0,0.14643560671396116,0.15555069587674453,0.13840588306271062,0.1720238045045459,0.1591170093645209,0.11819038622240186
DestinationLatitude,0.3023997104155569,0.16761767887935175,0.002847210959476598,0.0008651531116079525,0.0018162998393913554,0.0037479249164436013,0.28547539630954955,0.5264209912674982,0.2691182709633182,0.11579533523920649,0.23041867200332433,0.00101257477048744,0.0005901650173409934,0.0014545820505471596,0.0,0.05677354168023285,0.1689952890013906,0.19089144192970675,0.36970789942826077,0.4250006508847157,5.391501380030865,2.664102639016542,0.059778108839006805,0.04487014830456193,0.08765729216736062,0.06580917160918887,0.07466635147257872,0.05762678929536058,0.06698077406743863,0.04807062265948048,0.0583971155292442,0.05457501091390249,0.06919261527104137,0.06690260888603738,0.0725781847319924,0.062450615082158656,0.08445616396712996,0.058605814424947056,0.06614593023511617,0.0,0.06857368844137035,0.07015123301990656,0.08307333349521251,0.0670857577076891,0.0701513882692737,0.06734012995286509
DestinationLongitude,0.28419772783799235,0.15768984076677572,0.019943372940270265,0.008714536501890358,0.0,0.011543255652217255,0.2647635460354021,0.6522620935959078,0.25148547796705767,0.11415657968918236,0.21526227886263083,0.0,0.0006456288882557004,0.0,0.0,0.06094354485719933,0.14566524511059065,0.11919546045084228,0.4348015107203791,0.5049355735556755,2.666573098070935,5.383256863436348,0.08171340060064036,0.0947073376525216,0.07964214927396185,0.08023576974158342,0.10443821516913587,0.06734256291374585,0.08476870437195227,0.05658976026207707,0.07530124492174473,0.08745084594575037,0.10273102743011364,0.08580259651912048,0.0751022898244802,0.08350109029567321,0.07589969737723745,0.08046070319403853,0.0696539394271376,0.0,0.07149079083644416,0.07695047599199878,0.073570734561204,0.06551369348465652,0.08917796275506884,0.09296554663995327
Volume_Last_30,0.5072237024079784,0.02923838762376718,0.0035771222486626897,0.016123554441552557,0.0,0.03667150565297117,0.0075877880912065265,0.029216680911479553,0.07658133736877626,0.03855647159285258,0.09070493430724014,0.0,0.012884989978940276,0.0,0.0,0.0,0.02312092701296642,0.04924861961606464,0.13392542602908986,0.1481476919384812,0.08445523414745826,0.07778104623388615,0.7790544579522614,0.7782083518084986,0.7955826289771419,0.7199618763251459,0.7292830689479359,0.7596090957192914,0.7727962970536146,0.7401082179592289,0.7786428710149376,0.7763469118597701,0.7615657590049776,0.7328488027135114,0.766628845494147,0.7587211521169914,0.6142399869774127,0.7193638589146709,0.7889519423588833,0.004555985011062802,0.6708701774817882,0.6583871338651224,0.6107363222976963,0.6112668071735152,0.6537346367800838,0.6478394396584735
Avg_Cost_Last_30,0.5052299214727007,0.059310454310782745,0.0007603595561391785,0.0,0.0,0.0,0.030631620562180828,0.02274780815816002,0.059780070624661175,0.02309063494864283,0.06818407198356713,0.0,0.0,0.0,0.0,0.033654898952122814,0.0,0.024975120326861777,0.16540376440194127,0.16515441541869746,0.07213878650758954,0.07244519812624639,0.7152092336678635,0.7370958547473632,0.7543415390289709,0.708941152713205,0.7586188733934147,0.7782922144971272,0.7900982387979081,0.7460271332173325,0.7494869936302533,0.7354431778018222,0.7449903156051585,0.7691867241178105,0.7508253843535515,0.7531776210514529,0.6060139548626786,0.7502957235504888,0.7432447196867851,0.013593891786213064,0.6548258582348323,0.6094073541837961,0.6080681576354525,0.6411514750890888,0.5855247408049165,0.6320273841634183
Avg_Rate_Last_30,0.5080860771524855,0.020125962809354192,0.015939410346918592,0.004198615972281772,0.0,0.0,0.016719313478462006,0.03279153447200178,0.08781498788655306,0.032616282586437784,0.05471769195422915,0.005749253863043258,0.00607292000411519,0.01203474363094692,0.0,0.01761835157035918,0.025209083382291553,0.007087343894296438,0.16691087519586922,0.13146098688614938,0.07548271258280836,0.06777594728597758,0.7362327251837959,0.7743811249515216,0.7631155868135044,0.7426447716321931,0.7250015382166435,0.7552085812210843,0.7819545588930081,0.7691995081232088,0.7206123979446248,0.7066626968966148,0.7618327739924213,0.7627463753028421,0.776667513591855,0.7632547010445405,0.6341119994234137,0.746720474618642,0.7731736971246859,0.02184011089568383,0.6138206643195279,0.6488516870460543,0.5985986129024368,0.6137260641205895,0.6218376479511716,0.6010743923578592
NTIBooked,0.5106425315787257,0.06601784454307502,0.0,0.006410994234612666,0.0070254839406285186,0.042903925962217926,0.014994266256121769,0.03059994525100085,0.08099780501278953,0.015496501437499255,0.057783842596133006,0.003872104633485307,0.0,0.0,0.0,0.034156766043270004,0.0,0.0,0.12175123361337636,0.14835339357041244,0.031198562259331597,0.08250695012568388,0.7759307271984004,0.718214780338621,0.8048301191934897,0.7505335800673354,0.7814626524579098,0.7632999121104289,0.7403343987455475,0.7660857753357404,0.7556989661485116,0.7900745757588963,0.7229546137475427,0.7568740275964942,0.7291100329104965,0.7442725417234759,0.6030013667337064,0.7893995392018973,0.7369136982559175,0.027285051426085616,0.6238691887743508,0.6152032043915043,0.6368193059060534,0.62726998336192,0.6142447841204302,0.6683740529598272
NTIAssumed,0.5098646740405632,0.038000794964373696,0.0,0.01407017860461579,0.014533417495521839,0.05345046227496386,0.02042909169612095,0.03594945378748937,0.07135043107052264,0.025063367869837094,0.05003569553598197,0.015536254402293892,0.0,0.0,0.007325827018585862,0.03501518286303895,0.02090674334974274,0.012598315333582022,0.11396807210602589,0.1370998271145445,0.0676143618558076,0.08155002105722509,0.7432563376111618,0.7762068298470277,0.7641091908461979,0.7497332846547686,0.7717646254528852,0.7674066087562892,0.7560642819569994,0.7554361946114545,0.7643959434699332,0.7890088728392146,0.7474529296070176,0.7852390383818157,0.7481219478458261,0.7855582389979614,0.6176238342461193,0.7593523318449868,0.8014542454685754,0.015530380590227821,0.6280679741484518,0.6449352765572405,0.6192007596534133,0.6012884835102157,0.6639142936811626,0.6517043408617278
TenderVolume,0.5069911378267891,0.03034410469571469,0.013111541309814179,0.0,0.014564180575420416,0.01760931046695635,0.05220537714039786,0.024273171380813308,0.08862423515699924,0.037071998423559904,0.10089234048511297,0.008608273477803685,0.0,0.0,0.0,0.0,0.0,0.021003072353804164,0.13044070930800933,0.1534841255637167,0.052861874148873556,0.06572494139106078,0.7652294156191908,0.7689150482397575,0.7439775418174468,0.7222497184297358,0.8134516563078527,0.7349302483945293,0.7341397238291791,0.7554009809627189,0.7125261785638184,0.7760205233643365,0.7963591553112548,0.788266872982518,0.7586426722405659,0.8184379285586978,0.6370243430525724,0.7486001442204482,0.7305481068651578,0.0,0.604697996283321,0.5608852912899667,0.6149751190414405,0.6219478445868518,0.6445222737822196,0.624529703159987
S/D Ratio,0.510100994035966,0.031760186873482255,0.0019481676694192984,0.026948120360087202,0.0,0.0,0.0,0.02772811937574926,0.09896153779192507,0.026093088219675487,0.04936880305854974,0.017495252924296878,0.008543429081703913,0.0,0.028479358314331904,0.006020982526930396,0.0011753654722879148,0.0017736248763142726,0.13005281637324195,0.12292332830335662,0.054226314977554146,0.06977695326245659,0.8053297156592505,0.7645058363534654,0.7510305977072655,0.715360516397404,0.7699078248403901,0.7508199008673118,0.7459722359670042,0.7529594436572562,0.7251209740448039,0.7738262913266498,0.7773958205823379,0.7300633442475077,0.8006053895319059,0.7665038992493507,0.6513499709566788,0.767842484789576,0.7376871696267848,0.014084900636562203,0.6380817012841087,0.6093178923819877,0.6303614890989198,0.6215795300111002,0.6144409906728714,0.616739975099343
Avg_Weight_Last_14,0.5097563382388646,0.041455537257991004,0.007369753478357666,0.005371889403337882,0.0,0.0,0.017183315916981634,0.026933579950663367,0.08946930321091884,0.04026136964648508,0.04991415305536773,0.00030989096626576895,1.0010009994232405e-06,0.00045417308046236116,0.0,0.0047337410852037465,0.0,0.013624180053700918,0.12075109636795522,0.14560131859417558,0.05266991252454312,0.083440535638023,0.7597893213367657,0.7551501911396681,0.7559687970039395,0.7544510929731931,0.7176963581781246,0.745361302163146,0.7413520267331872,0.7564431281771529,0.7563426832288478,0.706622298964561,0.766501607925024,0.7644588299465811,0.7603721927743639,0.7536847473214339,0.599550823416549,0.7757587902054661,0.7738193214509046,0.002502447391512952,0.6500498058947146,0.6177188764488273,0.6306687930647099,0.636407733518551,0.5924566886528888,0.61613495797185
Avg_Dist_Last_14,0.5098063382388645,0.06329110157069984,0.00029154987444002245,0.0,0.007743746024469367,0.0,0.028934116947962885,0.02470898801655097,0.07458208133197175,0.042355262996630394,0.07562053483882014,0.0024666428764499315,0.005667447128073988,0.0,0.0,0.026074680733928268,0.0,0.0,0.13579343846176561,0.1574433428426909,0.05576136061204395,0.07274990438832529,0.7770084286504595,0.7283251072415498,0.7228815438234197,0.7578891815249444,0.7511685419917944,0.7934478779734127,0.7766973554259637,0.7525954621840758,0.7693091238978109,0.7741758494608706,0.7647427171522789,0.7479681213265215,0.7748630056024037,0.7594426465875292,0.6221178914327417,0.7771655168061056,0.7513543472716417,0.0,0.5800250706688876,0.6068472324844643,0.6296753099306209,0.6183500626029077,0.6357222092509467,0.6617203507203699
USD/Mile,0.5099843273692992,0.035290037036283195,0.02108088724747592,0.0,0.0,0.0,0.03102383411453591,0.019478189355959463,0.0979952948184204,0.046912199019555345,0.048407476848074005,0.00014609547869959272,0.0,0.0,0.0,0.04389553798229784,0.0,0.04743961552648557,0.13219669383879884,0.13891823687103821,0.05096527081415703,0.08000069013158595,0.7238763123045491,0.7689041197578952,0.7786209595697828,0.7894502491296196,0.7317126009624273,0.7796461116321662,0.7476109560683426,0.7458377513034682,0.765030075244904,0.7485505055154729,0.7899702037279503,0.7413383192497189,0.7529171134200556,0.7435740717393475,0.6193834634576949,0.7845333689335474,0.7682447456103034,0.0,0.6114922440622763,0.6129141312725013,0.6178132313292606,0.6129321172185778,0.6583559545114284,0.6203642621697876
Avg_Cost_Last_14,0.5098375882388644,0.04338696567657152,0.0070612524087021455,0.0,0.0,0.0022910924368808594,0.012752704370949886,0.03619717978967163,0.07158323652279197,0.03975365102393802,0.03574947056788158,0.005786697123538964,0.0,0.0,0.0,0.0001859237597061636,0.028783605245189747,0.03180905909246157,0.1322658627250246,0.1435387639206147,0.053258225072015275,0.08390643949163734,0.7830166845971283,0.7722561931312928,0.7652602447576338,0.8039691384015,0.7644268602225193,0.7953766389147905,0.7663060115340095,0.7460397119694391,0.7838576778073798,0.7438276575628993,0.7637970534493554,0.7285936392262093,0.7522020667149625,0.7494137177659477,0.6558880658885475,0.7576303359431882,0.7898301326083419,0.011679773833209062,0.6154577833950614,0.6465276875241011,0.6237585152431442,0.6118825355049533,0.600259344592653,0.6234995069024136
Avg_Rate_Last_14,0.5070092841791785,0.056695304825238324,0.011348017072979388,0.025255594493335032,0.020461773099462732,0.03624035274572446,0.015075608686482944,0.03677893720205616,0.08013755695521474,0.05292324044885088,0.03591535630629039,0.014978600959225652,0.0,0.012350094491294428,0.019516454708481845,0.01255267588228648,0.011929758347156039,0.03278695476439886,0.1265787684101416,0.16198370593095746,0.054666614801743174,0.08975409919401223,0.7455036094821148,0.7908473221741783,0.7640942862952222,0.7800606226303874,0.7461405695069856,0.7547176928455297,0.7500671260233189,0.7497118774064646,0.7565833979872014,0.7668917566294251,0.7442452341249117,0.7262841582489288,0.7644452608140986,0.7801483587084883,0.647376348948673,0.7726395784115407,0.7389508050513589,0.0,0.6171135752154888,0.6386010613824795,0.6086198129662126,0.6358480734781131,0.6454556039063797,0.628960606092873
Cost_Volatility_Last_14,0.5059355409854858,0.02669669353295312,0.0,0.008395531762993791,0.0,0.0,0.02211650624234096,0.031133439744805314,0.07975279554160908,0.011474198339926467,0.04301747802304501,0.008326754207423903,0.014555126805126939,0.011255911159629761,0.0,0.026857371389892748,0.02838198704058037,0.01707490441709414,0.10804530930845546,0.127482408174735,0.05706528371160147,0.08117993542366597,0.8336122470871619,0.7548215923489745,0.7932553885856373,0.7578105384357641,0.7630869776823537,0.7626503295084133,0.7934854953778765,0.7818366661108167,0.7645592684057503,0.7612200323900522,0.7583332911512453,0.7220096978140385,0.758797225127998,0.7498196830191874,0.6226762745360723,0.7261569743355949,0.7626467968878998,0.022853451602185437,0.5959899822262966,0.6321832124705011,0.6631326595517533,0.6493212897823026,0.6510334569928755,0.6344980723842011
Rate_Volatility_Last_14,0.5107139482072773,0.0680737548987489,0.005518858883362121,0.0,0.0,0.012958549164983069,0.019488710911344853,0.027319749423545314,0.0771906245443732,0.01778319448313681,0.055616011542485744,0.01280531646348404,0.009059983403757244,0.015521919025528241,0.0,0.0,0.003993349132431767,0.04299350647656919,0.15869723002916203,0.1616845078067557,0.08704919049558568,0.10355933397643691,0.75217832119823,0.7288742334083005,0.7344037169245472,0.7701818675825858,0.7744349990709325,0.7548128739925994,0.778031725816223,0.7635639307284081,0.7548059869722801,0.7255092565315713,0.7615738644073726,0.7392093450073434,0.7659053066126846,0.7819374424365395,0.6772224284984887,0.7446515596342804,0.7634490854527121,0.039945950872878555,0.6669255123772495,0.6365172441549047,0.6271204138604989,0.6061521977060043,0.6450397606491278,0.6130926216652339
TRUCKD11,0.5080067722515067,0.02906614686429343,0.012018972919637605,0.007680039703240382,0.0,0.011860441306156488,0.010782787277780592,0.015370907069119033,0.050046848486756,0.01473218294648948,0.048400663963043655,0.0,0.0,0.0,0.0011941498330552136,0.0,0.001141967222585194,0.022290276262585174,0.1316588998900925,0.14333809903711447,0.05114691546412953,0.09185155094291386,0.6206602154557155,0.6249219216197632,0.60056128427177,0.6360725836876409,0.6540684270757806,0.6484386860470117,0.6381836536907652,0.6200869222646475,0.6553847511160171,0.6531704768654967,0.619125270717575,0.5919469129993402,0.6372621364437121,0.6275207631433029,0.6265028848865244,0.6100371960462931,0.6522233997420464,0.011132489827344827,0.6526482813624943,0.6270712937591032,0.6211318521112581,0.6040663373058432,0.6800212905218537,0.629776357743423
DJTA,0.5113928946470496,0.02324735230587205,0.02326705810475982,0.0,0.030069831643104727,0.0,0.04458442220993497,0.02639921877429252,0.0783390720354964,0.02527280279798827,0.02932881051617997,0.0,0.0,0.009051172352667614,0.0006284462898431542,0.010931008265143483,0.024512838142531912,0.025130053112892625,0.15842187924144024,0.13792419836089076,0.06719960493599109,0.07988675309326632,0.8066579088880266,0.7714915236101749,0.7356599067321925,0.6940431689075339,0.7520491415620683,0.7534066317591881,0.7905025304492526,0.7804796124224778,0.765170680959939,0.772072561091357,0.766535018084908,0.7461420960906162,0.7159758667090381,0.7504331575215746,0.6319367339267603,0.7607204108699048,0.7451665530468126,0.011995035580437019,0.6341402621617194,0.6139947623738964,0.6582247054359898,0.6097888423303361,0.6576706155457321,0.621765494157883
DTB3,0.510384327369299,0.03945472212505763,0.019508431733741283,0.0038917854649263006,0.0,0.009909054622196045,0.0063882271950186365,0.031110957422766816,0.09746548772182195,0.05344497978503071,0.05439935699361165,0.0,0.0,0.003163003484546678,0.0,0.008004825492184509,0.030199470911561832,0.034243067232186064,0.14904436655416697,0.15839469590193245,0.06363411914739303,0.08233633274813523,0.7535385131124874,0.7896561378602067,0.7615501338315598,0.7223162867892183,0.7606964675014725,0.767904819352295,0.751306942159923,0.7415102346446547,0.7964022327848785,0.7433170880998428,0.7698088298018533,0.7879394787623273,0.7072961485806868,0.7410087500695344,0.651682725817154,0.7424265968295991,0.7389334644158643,0.006641597238923325,0.6176582133552238,0.6328553380299038,0.6393367063241282,0.6025015945698113,0.6223672428976061,0.6284402496828951
GASREGW,0.0,0.0,0.008472587828069145,0.015513334569510207,0.0,0.0,0.0,0.006744996838742523,0.006724406359698287,0.0,0.0,0.00432201493344575,0.0,0.006417975046663749,0.0,0.005843118979895312,0.0,0.00824328269384278,0.0,0.0,0.0,0.0,0.0,0.012906332946351018,0.005619908092835191,0.007160267491985728,0.018057004100144214,0.0,0.0,0.00041659339426336484,0.008921087918396076,0.0,0.0,0.04666066853081419,0.0,0.0,0.0,0.0,0.028727336071416865,0.006898919270289294,0.0,0.012339810890884984,0.022564428233554645,0.0,0.0,0.0
IPG2122N,0.5078067722515065,0.019271216413510928,0.0014581607460977253,0.0039351521819206425,0.005719491635567842,0.0,0.02952492393615813,0.026183139249976284,0.06272711692206068,0.0,0.014873909774455463,0.0,0.01556961587694694,0.02244695307587019,0.02038577883326287,0.0,0.01900886019765391,0.023194665137602932,0.14307658568263837,0.1487617322630419,0.08326638410204845,0.07671197174816213,0.6170709897436684,0.63447222935815,0.6301945642462057,0.5970545042336077,0.6031069686828174,0.5828821789222038,0.5784686924076325,0.6115095614400736,0.6498764179420768,0.6057052671698462,0.6500578773235111,0.6858486210137311,0.6712876119643445,0.617758250176824,0.6416482206618754,0.626957178907666,0.6047756989654931,0.005712126163852638,0.6188304012664827,0.6560783354976798,0.6411546454341059,0.6247433891317686,0.6057786186677054,0.6365801676382223
IPG3361T3S,0.5086734389181733,0.0,0.004182295939770597,0.0,0.02954310988512887,0.0,0.0,0.019238323637401633,0.0561740066559131,0.011842238607149724,0.0506474299753652,0.009965383312683151,0.0,0.018779978990004054,0.0,0.005798624701918165,0.016224520230275985,0.037205941121520425,0.1312849213059044,0.12863665437330507,0.06988634438125674,0.10021642586201418,0.660679991812664,0.6856400776337477,0.5980678150218348,0.6243867941581231,0.7012165251081295,0.6457188715537274,0.6115971905155764,0.6190981318795674,0.6771965899036294,0.6681280678269315,0.5644945330362434,0.6260796643079174,0.6478289389429386,0.6482130058513733,0.6394691980986398,0.6421578482218555,0.6524023531055074,0.0026488957442944994,0.6248820690628962,0.664954535053973,0.603009486207291,0.6412329179006084,0.6368955421823039,0.6721749515312982
GDP,0.50814010558484,0.038577110200956,0.015063052319212566,0.0,0.03066703066549792,0.02441826856382523,0.01215876606223798,0.03173799952695511,0.06527210983296672,0.004188911604757095,0.04603564548010919,0.0,0.0,0.0,0.0,0.0346072427625872,0.029070747071391345,0.01899374279989452,0.13866368342010738,0.17245855813274202,0.0577460762505726,0.09160793775094977,0.6519457333275982,0.628603222506857,0.6019445676529704,0.6244562336568373,0.6180136927304405,0.6346019797753799,0.6525338051265992,0.6651666618427523,0.6199914197779752,0.6506382707469638,0.5970353650838112,0.6416980341741017,0.6479501603010505,0.6765944467357956,0.6060415498919887,0.6184901711876738,0.6178827889478655,0.007195508985970989,0.6439561652895751,0.6039650893492015,0.6536878767964858,0.6102716222661511,0.6431499005459695,0.5693778697674201
PPIACO,0.5078067722515065,0.06069238317718728,0.0032080406432211106,0.0027341210595359655,0.008163997840972215,0.0047976254165114085,0.0,0.027544065687661545,0.04682414397296286,0.0,0.05383117241067392,0.0001428392302074144,0.0,0.0,0.0023540998014768277,0.016261680615591523,0.02898524414079695,0.01242950065126891,0.12532998749436386,0.13024730272740692,0.06985627479200285,0.08239195367454588,0.6036452647588675,0.6330165831071541,0.6490730686786161,0.6516342320234161,0.6238913212959201,0.6244665936703067,0.6202585965743159,0.6459543009304052,0.6345394658209553,0.6250736975684332,0.5979990196636731,0.6157637367247348,0.6173903950295152,0.6505283946508236,0.6155915043186777,0.611443847720178,0.630894541975997,0.005877107407772364,0.6401180664030726,0.6396309032719509,0.5953469455363036,0.629853652103785,0.5788791398528694,0.6167601539346377
BUSINV,0.50834010558484,0.001742373597521052,0.00856951319571575,0.003035592083539207,0.0,0.011300868454849677,0.00986010743771537,0.03996954574436207,0.0636742923654754,0.025204209481628048,0.04875241978407807,0.0,0.0028006500408803703,0.0010041989778750704,0.0,0.024288143415691188,0.0,0.003393022725640016,0.1386866412220371,0.1537851317638128,0.0741438266032377,0.08765198095949822,0.6256110475780403,0.6181698489516809,0.6106045045780419,0.6346832433685341,0.6440951765397243,0.6304467174607957,0.6161117492949701,0.6291424817443154,0.6285145121860323,0.6538686059063084,0.6440554924053705,0.6584604654914497,0.6385737241117493,0.6700635345710708,0.6547902257538509,0.6431043711271851,0.6562328922654252,0.0,0.651961239888565,0.6420992991452446,0.6527317420105194,0.636673898480506,0.6170782009375326,0.6197965307989723
PCU48414841,0.5078067722515065,0.0,0.004931237085940232,0.010087947187684243,0.0,0.044460918036467234,0.028027002780238952,0.024584648494533567,0.045042278253594414,0.0,0.05556389199761913,0.0,0.008460816060352094,0.0,0.005739468370842715,0.01453725704308706,0.02225637994671903,0.04262555348231789,0.09331018756450371,0.18628995989144181,0.06913273254475327,0.09215948766379745,0.6264009112689326,0.646696681796965,0.6220521656844102,0.6440823888710767,0.6337578220285449,0.6487470069819787,0.6171201276570901,0.6502350424941428,0.6441697197806455,0.6465025813214629,0.6266852639481835,0.6713729562449382,0.6480990488330827,0.6381739484094231,0.6400667611081654,0.6681002354542778,0.6637180044044539,0.0002817503090541962,0.6863417539905248,0.6420202142565099,0.6098513527557476,0.6413593499008066,0.6688873665504174,0.6532023001707561
