Date,OXO-5FI635C Augusta,OXO-5FI661A Augusta,OXO-5FI696 Augusta,OXO-5FIC132 Augusta,OXO-5FIC600 Augusta,OXO-5FIC601 Augusta,OXO-5FIC602 Augusta,OXO-5FIC603 Augusta,OXO-5FIC606A Augusta,OXO-5FIC606C Augusta,OXO-5FIC607 Augusta,OXO-5FIC609A Augusta,OXO-5FIC609B Augusta,OXO-5FIC611A Augusta,OXO-5FIC611B Augusta,OXO-5FIC612A Augusta,OXO-5FIC612B Augusta,OXO-5FIC618A Augusta,OXO-5FIC618B Augusta,OXO-5FIC618C Augusta,OXO-5FIC618D Augusta,OXO-5FIC622A Augusta,OXO-5FIC622B Augusta,OXO-5FIC622C Augusta,OXO-5FIC636A Augusta,OXO-5FIC636B Augusta,OXO-5FIC636C Augusta,OXO-5FQI691B Augusta,OXO-5LI633B Augusta,OXO-5LI650F Augusta,OXO-5LI651E Augusta,OXO-5LI651F Augusta,OXO-5LI652E Augusta,OXO-5LI652F Augusta,OXO-5LI653E Augusta,OXO-5LI653F Augusta,OXO-5LI654E Augusta,OXO-5LI654F Augusta,OXO-5LI655F Augusta,OXO-5LI656F Augusta,OXO-5LI657E Augusta,OXO-5LI657F Augusta,OXO-5LI658E Augusta,OXO-5LI658F Augusta,OXO-5PIC605A Augusta,OXO-5RIC606_Y Augusta,OXO-5TIC002 Augusta,OXO-5TIC601 Augusta,OXO-5TIC602 Augusta,OXO-5TIC603 Augusta,OXO-5TIC604 Augusta,OXO-5TIC605 Augusta,OXO-5TIC606 Augusta,OXO-5TIC607 Augusta,OXO-5TIC659 Augusta,OXO-_5FI658A Augusta,OXO-_5FI659A Augusta,OXO-_5FI660A Augusta,OXO-_5FI662A Augusta
2019-11-01 00:00:00,5859.125647989908,23345.857389322915,9830.2001953125,4.450549450549451,2076.1740926106777,67.20829763412476,5069.174365644695,0.0,,1.2020293454329176,0.0,0.0,2449.587880536545,2213.155135091147,,0.0093625550507567,8.99783898188063,2746.4690728305795,3631.420942826705,4126.81956998967,2224.1600992838557,0.0001204371459657,2451.7992594401053,2791.4242248535165,493.6236476182873,0.0,2710.863008626303,74367.75,1556.5173319327728,5182.656062825521,2077.0780183167017,2020.465755208335,3.763240494018744,0.0,1551.1875447591149,1233.3002576591557,5639.868680826823,,5477.986116536458,5704.8173787092965,8888.68929170971,1303.0608235677084,8948.725471047794,5676.722192382813,184.0268872578939,0.1999661037077506,298.01326232397264,154.9527282714844,132.09182133950503,133.99630005891663,130.57891883850093,133.00776351800488,134.032266568737,130.89953890713784,298.0299097696941,21719.63061523437,22870.97631835937,22026.824772135416,22036.315559895836
2019-11-01 01:00:00,5950.17383720461,23346.553466796875,9384.63299153646,4.410112359550562,2070.199283854168,67.2043917020162,5068.014147949219,0.0,,1.15815966129303,0.0,0.0,2449.2077596028657,2212.303828938803,,0.0088527129555586,9.000414752960205,2639.0375203450526,3632.921649169922,4013.0071004231777,2178.4199259440115,0.0,2395.6889058430997,3095.785913085938,151.9348144267411,0.0,2713.375058513043,74367.75,1556.31255086263,4031.091849772136,2075.2185906024024,2018.6548299153665,3.680629941595703,0.0,1551.4751739501953,1229.5563092912953,5665.735461425781,,5393.721354166667,5702.490563964844,8889.842854817709,1295.1501607259124,8948.003857421874,5658.071918582128,183.9532948811849,0.199926916634043,297.98779296875006,155.02759789218425,132.06389617919925,133.99458761776205,130.64050549418982,132.96660041809085,134.0350761413575,130.84978004263235,298.0843302408855,21727.62257486979,22879.20545247396,22042.94819335937,22056.644970703124
2019-11-01 02:00:00,6379.102249786633,23430.33654477416,9233.277262369793,4.285714285714286,2067.933827632616,67.03197421546744,5069.603649902344,0.0,,1.0704202930132551,0.0,0.0,2450.993809000652,2209.858933905594,,0.0091926076856907,8.999083002408346,2642.8009867350265,3633.22001546224,4012.311671956381,2178.2493455389977,0.0004327776023009,2497.692024739584,3201.065022786459,61.61237202451896,0.0,2710.63129272461,74367.75,1556.182698567708,2887.6722473144537,2074.528463924633,2016.352590513624,4.25001903573672,0.0,1550.438708496094,1228.4959817681454,5691.682605081353,,5315.581415769433,5702.92969156901,8890.88755580357,1292.2070978338088,8946.228759765625,5654.247090657552,183.96343023126775,0.199966339879677,298.04094441731775,155.0708040599981,132.03548245470068,134.00810623168948,130.67560167549064,133.0350943321039,134.0019937310338,130.743082724327,297.93087768554693,21836.766659007357,22970.057215073528,22156.774258140755,22105.21868434874
2019-11-01 03:00:00,6337.343084161932,23384.694742838543,9223.139013671876,4.775280898876405,2062.488529426008,66.80880973752865,5061.608939178719,0.0,,1.0440984825293225,0.0,0.0,2448.448742675782,2207.2248111441127,,0.0093059059290681,8.997775546709697,2639.211299641928,3632.237143961589,4012.39565226237,2177.2428150019377,0.0001302666573909,2574.262611897788,3200.161602783204,266.7464046476979,0.0,2710.523927815756,74367.75,1555.6632893880203,1790.506084187826,2074.3069193522147,2015.3231760660824,3.3631519993146264,0.0,1549.82541402181,1227.064205906973,5717.262089029948,,5234.000996907552,5703.899572753906,8891.812736002605,1279.6908092338515,8944.691470816115,5636.469763491334,183.97538782755532,0.2000087656019148,297.96224017182664,154.9153493245443,132.02889633178714,134.0083116263398,130.61346181233722,133.00055211385092,133.97911453247076,130.76075719197598,298.052582795955,21783.45050455729,22920.952018229167,22088.35694986979,22064.17840169271
2019-11-01 04:00:00,6183.590301513672,23357.08567708333,9104.168619791666,4.388888888888889,2055.1622233072926,66.35436922709147,5004.132636062237,0.0,,1.0440984825293225,0.0,0.0,2449.4055399576832,2205.8527319130794,,0.0090226603206247,8.998596660296123,2641.9315287272143,3633.177126057943,4013.391566975912,2159.428598099397,0.0,2689.8901977539067,3194.7612325032555,0.0,0.0,2719.3542561848967,74367.75,1555.3603006998694,772.5199017842613,2074.1062637203004,2014.3164754231768,4.888687934757265,0.0,1549.5648919728176,1226.9157562255868,5742.96991120667,,5155.371477111312,5706.698621513429,8892.766536996385,1272.1143516351365,8943.11950991334,5616.930510717975,183.9687121073405,0.1999479009459416,298.0298563639324,155.04050572713217,132.07033292912269,134.00209808349615,130.6145490010579,133.00474828084307,134.00049238445385,130.81444994608566,298.0399276733399,21748.71513671875,22895.31212565104,22073.622298177084,22053.480891927084
2019-11-01 05:00:00,6348.371973887211,23446.800071022728,9838.639911042545,5.576923076923077,2056.738922119141,66.95153617858887,5004.322265625,0.0,,1.0440984825293225,0.0,0.0,2451.688926188152,2205.2911689695256,,0.0082862217386718,8.998671094576517,2645.3323451450897,3630.492944541098,4014.2168809906775,2166.405183919272,0.0,2749.5834591649163,3100.310658772787,0.0,0.0,2783.075321451824,74367.75,1555.2464447021478,45.23274208517636,2073.033184660584,2015.6966491186329,4.146543003931767,0.0,1549.543539095326,1226.8148905436212,5768.798046875,,5074.701947380515,5711.155646829044,8893.054326418067,1264.3419415129329,8941.461736505682,5597.2848320969015,184.00778249104815,0.1996514365077018,298.0133260091146,155.01594060262047,132.14484565798998,134.00091552734384,130.63067665420658,132.99515355428062,134.04635140915556,130.70450213776925,297.9200680516348,21843.802621384297,22983.312612990703,22151.13596009814,22138.848915289254
2019-11-01 06:00:00,6275.842647298177,23410.621354166666,10389.782275390626,33.96067415730337,2071.011456144958,68.05135505740382,5003.758117675781,0.0,,1.15815966129303,0.0,0.0,2451.6189806000534,2208.674291787028,,0.0085128182254266,9.002591808636984,2651.5817342122405,3628.659049479167,4014.297224934896,2132.3489400227872,0.0,2749.8510335286464,3100.4332031250005,0.0,0.0,2783.888881429037,74380.98211518595,1555.0817769368484,0.0,2073.0927530924487,2026.2414167419956,4.331845566630364,0.0,1549.529506429037,1231.485598754885,5794.561413574219,,4997.526529947917,5730.472253417969,8893.099291992188,1272.3161530297646,8938.705562303046,5609.783479817708,183.97559042537915,0.2000443662206331,298.0172629476596,154.99639841715498,132.1782798767091,133.99141693115237,130.63453409494446,133.00530159573597,133.97682571411144,130.672365697225,297.9803991396566,21785.259635416667,22960.66144205729,22095.746647135416,22050.034228515626
2019-11-01 07:00:00,6305.913981119792,23369.246663411457,10386.495418294273,4.777777777777778,2075.185631306967,68.4822489420573,5004.171826171875,0.0,,1.4792422420722395,0.0,0.0,2448.8814758300787,2213.0776102701834,,0.0086261164688039,9.01632649898529,2652.918701171876,3626.9081583658863,4014.500872802735,2141.6470255533864,0.0,2720.4337713068185,3099.47831624349,368.51051592792817,0.0,2778.776485188803,74538.38609506302,1555.0347290039056,0.0,2072.840618896485,2056.3992757161477,4.06239665945371,0.0,1547.3697275797526,1252.1877044677738,5820.677510579427,,4933.056298828125,5765.85712483724,8892.708540482954,1286.90742043888,8936.928076171875,5703.955928548177,183.96448376973476,0.1996187458435694,297.9916076660157,154.9793234432445,132.19412994384774,134.00891677471773,130.65574081805573,133.009707514445,134.02246856689464,130.73706461588552,297.96340839802724,21752.821370442707,22927.95708007813,22047.92674153646,21995.83986002604
2019-11-01 08:00:00,6223.726814778646,23396.66336263021,10373.74784342448,4.725274725274725,2067.633062693699,66.92890602300974,5055.791729887655,0.0,,1.9199438235339,0.0,0.0,2449.5072998046885,2226.9342817826714,,0.0093625550507567,8.999852477001543,2650.033500162761,3630.403837076824,4015.833852132162,2157.456235758465,0.0008893969332546,2720.2322454372384,3174.026014311976,6317.125775146485,3231.445082473755,2772.656446953782,74618.984375,1554.846537272135,0.0,2073.2084533691414,2098.8258846507365,5.1856514573097225,0.0,1546.9523315429688,1284.3149129231774,5846.735274251302,,4872.628658040365,5824.689322916666,8892.865372721355,1318.9415649414068,8934.12958984375,5861.795284016927,183.9951291402181,0.2000083634008963,298.01408894856775,155.07367528279622,132.09550993107592,134.01058578491217,130.5900768280029,133.00236396789552,134.03724811457803,130.53730176289884,298.0319022186532,21749.50685221354,22986.970963541666,21993.54112955729,22101.635335286457
2019-11-01 09:00:00,6432.715973657025,23410.752978515626,10376.726481792355,54.888888888888886,2048.001522827149,65.41656605402629,5068.76474609375,0.0,,2.044327280918757,0.0,0.0,2450.817828369141,2237.2821390787767,,0.0094758532941341,9.001040848096212,2643.574232991537,3632.1724527994793,4016.765002441407,2152.4268768562765,0.002178558472803,2764.1631020790296,3369.4021561047266,7999.976236979167,7984.003385416667,2771.652516682944,74618.984375,1554.775965372721,0.0,2070.94530029297,2084.48849714295,1.026263816297547,0.0,1545.9327513639591,1299.0718577067064,5873.12431398502,,4789.330098470052,5826.0953125,8892.046655273438,1328.2348108212818,8932.448828125,6108.529651988636,183.97689214028605,0.2000389765948057,297.9819631024826,154.86719859730118,131.9726457355403,134.00080108642584,130.53285999140465,133.00359855210488,133.97203101796572,130.54231968398932,298.0852735503382,21727.071044921875,22928.18238932292,22098.85166015625,22126.405908203124
2019-11-01 10:00:00,6407.449617513021,23406.97885742188,10385.354845063026,116.6011235955056,2050.450216674805,64.99521509806316,5068.461983816965,0.0,,2.0794230282306674,0.0,0.0,2453.0843831380216,2246.428323184743,,0.0094758532941341,9.001754973545548,2639.402290852865,3632.560172526042,4016.143977864584,2142.721111393777,0.0341988183247452,2799.6405273437504,3399.98422241211,7999.98095703125,7999.98095703125,2773.091003922392,74618.984375,1554.4304935676005,0.0,2071.27508951823,2082.449829101564,1.7077923081502198,0.0,1545.2769714355477,1301.1566242817016,5898.790884322479,,4705.376114908854,5829.684460449219,8892.40564272584,1336.7262147534798,8932.900146484375,6299.783457523635,183.9661371866862,0.1999934632331132,298.0369771321615,154.9587440490723,131.89408493042,134.00303410301527,130.55904426574716,132.9875438690186,134.0010299682619,130.64121398925784,297.953514162174,21731.05613606771,22932.55877278646,22097.900472005207,22131.84412434896
2019-11-01 11:00:00,6335.004012044271,23514.32237955729,10399.763362630209,235.75,2041.8631103515631,64.13210639953613,5063.090368652343,0.0,,2.0100291642275727,0.0,0.0,2450.403009588069,2252.844474283856,,0.0094758532941341,8.997430078188579,2632.685851546359,3633.1313113378105,4016.9915236796232,2163.0751993815115,0.0074461318839235,2772.007403564453,3388.6404846191413,7999.98095703125,7990.508050587551,2769.0700847721905,74618.984375,1554.423105875651,0.0,2070.5072428385424,2088.196704101563,2.2365911205609645,0.0,1545.8553559118966,1304.5141119436066,5925.19241913094,,4626.321024576823,5832.76513671875,8891.666536458333,1359.3593891238386,8931.93515625,6413.205501302084,183.98908958435055,0.2000871053586403,297.96709187825525,155.01078296308762,131.8723406831096,133.99940872192388,130.56820017496747,133.03831952412924,133.9684333801272,130.7552786509197,298.0774149576824,21846.12550455729,23029.682259114583,22220.081966145837,22269.72423502604
2019-11-01 12:00:00,6333.084765625,23396.279132746848,10415.00702311198,343.22222222222223,2031.8680450439456,63.57940899531047,5004.209436035157,0.0,,1.61440437634786,0.0,0.0,2484.4491780598964,2235.9743268982447,,0.0092492568073794,8.98955042362213,2634.8438395182297,3634.171181233725,4014.912915039063,2288.8516795260853,0.0368540647856961,2634.082458496094,3120.0479410807297,4120.647349223617,1095.0064714317582,2777.5418247191374,74618.984375,1554.0467224121091,0.0,2070.051003011068,2031.9235491071431,2.4566394642364884,0.0,1546.5134552001955,1234.1974395751956,5951.09792706145,,4510.45728547908,5771.949715169271,8893.537890625,1335.033594980962,8938.41098753874,6113.910616283574,183.96874376932783,0.2002067071696122,298.0111389160157,155.05479948185692,132.0523757934571,133.9843215942383,130.4919434865317,132.98662935892742,133.9532699584962,130.92810846964522,297.99928741455085,21808.64696034664,22924.52015493697,22111.967519038863,22124.096195509454
2019-11-01 13:00:00,6473.538468424479,23363.895080061982,10405.199477014465,673.0833333333334,2076.9039686186984,67.29673280715943,5004.322265625,0.0,,1.4244744497187,0.0,0.0,2519.500734473477,2225.413342285157,,0.0085769581400658,8.966591602613946,2533.203619436056,3549.7544212020757,3911.5897965631566,2125.916990152996,5.9000717190057245e-05,2589.5944051106776,3185.035900878907,0.0290600915872356,0.0,2780.998758780857,74618.984375,1553.941161083574,0.0,2072.0578776041675,2040.0496846516935,5.758485609743777,0.0,1546.607669067383,1238.8747945149744,5975.479903157552,,4436.98437093099,5789.295999322056,8892.795535253099,1313.652993446541,8937.72159016927,5925.32509765625,183.9979901631673,0.1971675874044497,298.0247512945609,154.91696319580078,132.1376914978028,134.01106262207037,130.61753999084988,132.97876993815103,134.01129150390636,130.98983319600424,297.8009221394857,21780.66553137913,22894.43646694215,22078.552669808883,22018.616299715908
2019-11-01 14:00:00,6003.975577799479,23292.977620442707,10420.073518880208,312.967032967033,2067.349730436468,66.93572171529134,5004.061172359246,0.0,,1.947813975811005,0.0,0.0,2595.337573847496,2224.345998128256,,0.0087903513173971,8.954463548896726,2517.560482308885,3538.032206385589,3897.2163328060433,2132.906164550782,0.0,2400.960858154298,2930.166587320964,2166.871865749359,264.28776369016043,2776.0038134362094,74618.984375,1553.7072774083158,0.0,2071.56356608073,2047.5050364176436,5.330505956302989,0.0,1547.2311456853693,1256.768321736654,6000.604653602789,,4374.962147945115,5818.24505153624,8892.953092447917,1320.3990755481875,8936.73857421875,6018.384063977153,184.0108969370524,0.1965845947464307,298.0268062875291,155.2547691345215,132.0515174865723,134.00967025756842,130.62464211203834,133.02834281921383,134.05413055419933,130.8158962249756,298.1378458487888,21671.84972330729,22832.643017578124,22005.18334960937,21975.74150390625
2019-11-01 15:00:00,6091.00557047526,23192.977766927084,10405.669547526042,2254.527777777778,2056.2540761311857,65.44616451263428,5004.17056197479,0.0,,1.8074309865633649,0.0,0.0,2599.4525085449222,2227.4754740397143,,0.0093625550507567,8.950269722938538,2518.2615397135423,3538.9445760091144,3899.581970214844,2144.959582519532,0.0,2399.7400553385423,2936.2722968093494,7451.266935221354,5984.220007324218,2773.2169589515497,74618.984375,1553.8699961429882,0.0,2069.7215283606665,2038.7147603352864,3.55656008720398,0.0,1546.1529038373162,1256.3387249402767,6025.460104549632,,4293.390405273438,5816.301806237087,8892.748413085938,1322.5057362958414,8937.074432116597,6090.315657552083,184.0272057851156,0.1966480399171511,298.010477701823,154.99740344135708,131.9634904621028,134.01153945922854,130.589029566447,133.00141714400604,134.01323699951183,130.75943070099143,298.0081888834636,21580.058528645837,22718.533626302084,21917.788997395837,21881.07314453125
2019-11-01 16:00:00,6219.926257324219,23195.16487630208,10396.791097689076,6776.488764044944,2058.02838643392,65.35934556325277,5004.284655761719,0.0,,1.798657049735387,0.0,0.0,2600.9536768809094,2227.648517512475,,0.0093625550507567,8.950563278518805,2520.820470473346,3538.135982224922,3899.3206551175167,2152.353918457032,0.0001024516314776,2399.80267944336,2999.725531459841,7990.133817784927,7904.313751477153,2772.9594991048184,74618.984375,1553.8239251759423,0.0,2070.531799829307,2034.2928792317716,3.627287470993876,0.0,1546.9090122191374,1252.0234292935932,6050.696252441407,,4203.454809570312,5818.495002297794,8892.70049894958,1330.2982177734375,8937.37051265496,6127.383605957031,183.99129800235528,0.1966670377800862,298.00411987304693,154.83839681325867,131.8426617078546,134.02042770385745,130.59103215535487,132.9816556567988,133.98185486352756,130.83983479649572,297.9973984395177,21602.86617838541,22726.666569010416,21921.84091796875,21889.52618815104
2019-11-01 17:00:00,6194.575121454832,23245.578369140625,10396.95663578254,6536.805555555556,2051.650423177084,64.52604815165202,5004.322265625,0.0,,1.7021437446276348,0.0,0.0,2606.590690104167,2226.387695312501,,0.0094192041724454,8.95060526529948,2521.104132080079,3538.00175374349,3899.215509033204,2189.041050502233,0.0,2399.908139525342,2999.9413370768234,7903.673315429687,7517.989196777344,2772.834059029572,74618.984375,1553.2676076253256,0.0,2069.925305175781,2031.58684848754,3.1345309679173248,0.0,1546.915126546224,1248.2385060628255,6075.722635904948,,4122.900376383464,5819.440417480469,8892.017415364584,1324.8086313883468,8937.060302734375,6099.617453835227,183.96893450419108,0.1966146777073542,298.0096720206638,155.10559132893883,131.8614745580851,133.99364516314338,130.60972468058267,133.00672566389838,134.00316619873055,130.85845019022628,298.00664590787494,21656.826741536457,22765.795166015625,21954.842236328124,21954.813916015624
2019-11-01 18:00:00,6246.756591796875,23232.998046875,10336.595374868695,6508.214285714285,2065.272036743165,65.41239976882935,5027.217594401041,0.0,,1.54421288172404,0.0,0.0,2590.737625500388,2221.0454874674483,,0.0091926076856907,8.944870507421573,2566.9126198508534,3556.5317947766016,3940.225585937501,2209.881905110678,0.0,2400.1396647135425,2953.6611043294274,3104.488329289206,1042.1704690750123,2696.118334345457,74618.984375,1553.1583467371324,0.0,2070.0682645435177,2027.9409088134776,4.082365353568262,0.0,1546.0762272682514,1241.2204488118507,6100.7719034830725,,4036.958655491349,5819.2404296875,8891.488541666668,1318.160780843099,8937.001806640625,6019.730530298057,184.01727685849528,0.1967419913659493,298.02263387044275,154.81496653837326,131.9894676523761,134.00668486287776,130.64224535624192,132.9805824279785,133.97066907646257,130.98220342000326,297.9789428710938,21657.280891927083,22778.11544596354,21950.811588541663,21967.996256510414
2019-11-01 19:00:00,6135.916366703254,23187.523060005253,10155.94965457128,6520.224719101124,2063.8094045003263,65.82344592412312,5068.186745383523,0.0,,1.3599602083365123,0.0,0.0,2601.7773109243703,2219.3007429138697,,0.0086827655904926,8.950776452777767,2776.363874162947,3587.5443146008406,4016.579645237001,2180.420692633007,0.0,2290.0806773792624,2726.429526774089,20.84459421052433,0.0,2559.805867513022,74618.984375,1552.7002085367835,0.0,2070.7320434570315,2022.3353546142584,4.069835437337558,0.0,1545.6406392415367,1233.9346994447324,6125.976806640625,,3957.772415802259,5815.343693033854,8891.146459960937,1310.2947794596364,8936.626903886554,5973.845259232955,184.06217422485352,0.1966178704053163,298.0098576821572,155.24006652832034,132.00249862670907,134.0131416320801,130.6410653250558,133.00840380960258,134.05212783813485,130.96099357604984,298.0273614047973,21603.55470391281,22729.481995141807,21896.49758731617,21940.95387998949
2019-11-01 20:00:00,6067.128035481771,23239.64326171875,10158.636564127604,6598.214285714285,2077.0293945312505,66.22117385864257,5068.595555409664,0.0,,1.175707534948985,0.0,0.0,2595.088079833985,2212.9895812988293,,0.0093625550507567,8.944231908183452,2830.0602294921887,3586.852762858073,4015.7014831542974,2198.7335225423185,0.0,2199.8396036783865,2600.4565755208337,26.963625435938663,0.0,2561.5993469238288,74618.984375,1552.5383646647135,0.0,2070.8793576024163,2018.26968688965,4.8806616991758345,0.0,1546.3294849238123,1229.4623026529948,6151.855362955729,,3873.571643066408,5814.84968201188,8889.982123256716,1301.532332356771,8936.615283203126,5906.88329671224,184.10553525288896,0.1964770001669725,297.9943362965304,154.86933079238767,131.96154785156256,134.00345438468358,130.6310369318182,133.03757540384927,133.9879455566407,130.86070009867356,297.9647419392562,21654.316243489586,22784.801627604167,21941.10660807292,21977.734326171874
2019-11-01 21:00:00,6067.04691808364,23212.643708032025,10154.23055826823,6620.61797752809,2071.060002174698,65.77431071305476,5068.4115234375,0.0,,1.192095218611158,0.0,0.0,2602.7787218330327,2209.4504150390635,,0.0083995199820492,8.952330549558004,2828.001872417356,3585.132770128488,4015.821002550362,2175.184796142579,0.0,2200.1661315917977,2599.769732666016,0.0,0.0,2566.1326409962558,74618.984375,1552.3317588616994,0.0,2069.1930135091147,2014.4714735015093,5.046794301271439,0.0,1546.3445932083769,1225.09571838379,6177.572180175781,,3785.036344670067,5816.01114430147,8888.003841145834,1297.9629272460938,8936.415625,5862.665148925781,183.93737869903825,0.1966472556110189,298.0072346837068,155.06159139681264,131.99788284301758,134.00036239624026,130.54779783617548,133.0124926249186,134.00816665777648,130.8977273892956,298.0016355908607,21610.443472365703,22757.07047391529,21918.12769563533,21925.365783186982
2019-11-01 22:00:00,5610.986687289782,23189.14775390625,10166.29090983073,6621.305555555556,2079.472854992576,66.47756097336446,5069.073815917969,0.0,,1.22835115591685,0.0,0.0,2599.135007714024,2210.176574707032,,0.0087903513173971,8.95129669413847,2828.345048663997,3585.4667763589814,4015.503994468882,2148.974304199219,0.0,2200.471693929037,2600.4054850260427,230.05176684708175,0.0,2565.1872086725325,74622.10420971074,1552.092753947282,0.0,2069.4153584798178,2020.0491729736343,5.642722683151563,0.0,1545.2311002873198,1232.1914581298836,6202.724039713542,,3713.96201578776,5831.572217200413,8886.681510416667,1296.7981384277348,8935.99593233471,5845.569733948267,184.0784717906605,0.1965285337660923,298.029042561849,154.96873436289388,131.96225950096832,134.00404357910162,130.58910509745274,132.98812673873263,134.02416311216763,130.88896827697755,297.9736531575521,21586.705029296874,22731.08409830729,21902.38362630208,21865.203157552085
2019-11-01 23:00:00,6105.535599772135,23247.57986653646,10160.849348958332,6603.583333333333,2088.86705830892,66.81274557113647,5069.32523163094,0.0,,1.2475211019275572,0.0,0.0,2596.994604492188,2210.4347611114767,,0.0088527129555586,8.954678606395879,2825.3659627278653,3585.8605916341157,4015.254364013672,2141.66854319853,0.0,2199.652370198569,2599.840649414063,2605.901595183214,69.00582903811399,2562.4378147598145,74851.80107668067,1552.1021889930914,0.0,2068.239208984375,2023.2420806884784,4.164893250820066,0.0,1544.8984191894544,1235.4473199924505,6227.712019856771,,3634.096944173177,5844.82757106749,8885.464737066703,1302.6375359149029,8935.8001953125,5878.504265399019,183.985431831424,0.1964812325934568,297.99760945638025,155.01277327337192,131.98361587524414,134.00579581772993,130.6135570526123,132.98179805980004,133.98910599396018,130.90219218791032,297.9495087952173,21650.870572916665,22793.114290364585,21956.754166666666,21935.685709635414
2019-11-02 00:00:00,6080.659326171875,23248.088997395836,10163.938435530465,6463.055555555556,2087.001950047598,66.85803966361935,5067.883173581933,0.0,,1.6319522500038148,0.0,0.0,2580.3949206643856,2219.8546549479183,,0.009135958564002,8.951937119166056,2824.3681277440605,3587.2543662835747,4015.971106663224,2144.1595133463547,0.0,2200.2021894695386,2610.518383789064,5075.080435256327,741.3372823069271,2561.914841715495,74870.390625,1552.06903230042,0.0,2068.0896158854166,2022.16012064616,3.818153477516496,0.0,1543.6083461216522,1239.34177652995,6253.447887073864,,3558.094887288412,5853.25557047526,8884.225358072918,1308.3470612854526,8935.947314863446,5945.047062174479,183.9686626087536,0.1965499381307794,298.04633585611987,155.02012445118802,131.87451553344735,134.0036811828614,130.5928430478435,133.01960174308334,134.0168615924427,130.8595297316875,298.08870442708337,21641.269449869797,22782.115266927085,21953.692610677084,21934.501383463543
2019-11-02 01:00:00,6166.558208048845,23236.400242909665,10186.94862151343,6281.638888888889,2075.6804595947274,65.97891600926717,5068.985510253906,0.0,,1.6184650413260977,0.0,0.0,2622.2590718587244,2221.0742510330588,,0.0094192041724454,8.946327296892802,2828.376904296876,3588.072727457683,4015.532381184896,2149.258544921876,0.0,2199.660642513559,2650.9908264160163,4946.405670166016,91.34641209017336,2559.932875569662,74870.390625,1551.7564005533854,0.0,2068.215258789063,2025.889437866212,3.646843169346329,0.0,1542.9105809739806,1239.0756449381531,6278.89966435793,,3478.241939256171,5863.971724076705,8883.770100911459,1311.574731243544,8936.4359375,5986.405220095851,183.96957105000817,0.1966950717071692,297.96674225109973,154.97516228170957,131.85925091199647,133.9994087219239,130.5627034932626,132.99862786301043,133.9942606437107,130.9425309499105,298.00688158776154,21645.894498424368,22767.391741071428,21936.52612920168,21925.909942883405
2019-11-02 02:00:00,6334.826981608073,23305.64390173037,10284.569926798844,6165.934065934066,2064.3067565917977,65.4271549542745,5068.676440429687,0.0,,1.2740641040962286,0.0,0.0,2592.442946370444,2218.641630045573,,0.0085769581400658,8.949336449305216,2826.458565266928,3589.449849446615,4015.048645019532,2155.6666646321623,0.0,2200.988416655726,2697.335681152344,1736.0175774069637,0.0,2560.9205871582035,74870.390625,1551.5192698160806,0.0,2067.638692051911,2022.9593760172531,3.631774346033733,0.0,1543.492497291886,1237.5871205647804,6304.100907389323,,3398.118482857697,5867.792985026042,8882.322900390625,1307.9258524576842,8936.196875,5987.902283219267,183.95616393530068,0.1966166326155265,298.01505323678015,154.93919779459637,131.91906045865608,133.99979996881572,130.5799227627841,132.98670374552407,134.04386901855477,130.84646837250529,298.01741733070185,21720.010007747933,22841.76142820248,22010.59437951963,22065.38578254132
2019-11-02 03:00:00,5978.627793367244,23300.424254858197,10273.158017497415,6117.5,2091.01381513107,67.24441531499227,5068.099169518337,0.0,,1.08796816666921,0.0,0.0,2605.789143880209,2217.700321451824,,0.0071908467050109,8.946254420280457,2823.0350598247114,3591.8385656020228,4014.4384273240553,2211.3523437500003,0.0,2198.9951639811206,2653.684944661459,3.712682499758557e-27,0.0,2566.4675476074217,74870.390625,1551.5273265996257,0.0,2067.361258370536,2018.8532135009784,3.560609383743351,0.0,1543.7289143880223,1229.806099446615,6329.245393880208,,3302.6144694010422,5865.30546468099,8880.482771809895,1302.0117757161458,8936.732373450413,5963.478690592448,183.9727305262542,0.196670162899435,297.96444702148443,154.9327428181967,132.01388802016078,134.00292060789005,130.58053396529507,133.00393878526924,133.96022752493883,130.89490162242552,297.90656611124683,21717.98005842962,22856.624474789915,22000.793937106093,22047.18244485294
2019-11-02 04:00:00,5788.294631909924,23282.16194795971,10285.642846679688,5847.556179775281,2061.8616617838547,65.6386504370319,5070.001025390625,0.0,,1.0528724193573,0.0,0.0,2598.5000225676217,2210.7997246750265,,0.0075095201446097,8.952632920080875,2825.3330851236988,3592.3245971679694,4013.69320678711,2186.7391064856674,0.0,2200.3277053202487,2586.118426513673,0.0,0.0,2570.3121594340864,74870.390625,1550.860573323568,0.0,2067.6722906443697,2013.334581502278,4.299323974562086,0.0,1550.364897420584,1232.6014363606782,6346.398347981771,,3219.7895080566404,5868.070776162027,8879.377734375,1299.39036444656,8937.055224609376,5945.434393874737,183.99001108805345,0.1965348047514756,298.0594746565619,155.06255950927738,131.9679946899414,134.00194549560555,130.60328447326154,133.01613604227703,134.02065658569347,130.92654457092286,298.188346862793,21670.465505552685,22825.360634039254,21983.766625774795,22028.280830320247
2019-11-02 05:00:00,6067.811866251627,23335.884212239584,10293.24330357143,5442.861111111111,2070.409021714155,66.22371375460584,5068.061269038865,0.0,,1.0528724193573,0.0,0.0,2599.108491251292,2212.472764078777,,0.0083904751643006,8.947363916507436,2823.672682076447,3589.927342942924,4014.25462858342,2150.295953830752,0.0,2200.0336079915373,2429.027923583985,0.0,0.0,2570.3419300426144,74870.390625,1550.899984407826,0.0,2068.022194229254,2014.3968425151727,5.480104582650321,0.0,1572.7991666393118,1257.9279408772786,6346.854774664256,,3140.7758194097955,5874.136254681043,8877.27978515625,1298.318935139974,8937.308260091146,5944.27665608724,183.9931903839111,0.1966165747462201,297.9925740559896,155.02616068522138,131.9526023864747,134.01527786254894,130.55629852038473,133.01859664916995,134.00165939331066,130.9015188778148,297.8084393966297,21746.09344075521,22883.453287760414,22045.214241536454,22027.932275390624
2019-11-02 06:00:00,6246.6356513914,23310.63963216146,10292.052096784608,6500.934065934066,2072.0635683674464,66.48335373303122,5069.073815917969,0.0,,1.2617066182380867,0.0,0.0,2584.330257161459,2212.0237986667107,,0.0086827655904926,8.953176140785217,2824.9631306966157,3588.160304768881,4014.990865071615,2135.8356913416847,0.0,2199.8321105957043,2656.876953125001,0.0,0.0,2568.1106872558603,74870.390625,1550.7024861653651,0.0,2068.175569661458,2030.9652323404964,6.3196510761976254,0.0,1597.072416178387,1293.9993855794278,6346.128304036459,,3066.4656346849174,5899.760237630208,8875.45598205062,1307.0280985514323,8937.55145417542,5957.51191648373,183.99030412946428,0.1965153750555574,297.9965409207936,154.94601236979173,131.87897728671555,134.00358902105768,130.6216824849447,132.97666225914193,133.9735069274904,130.95277303059896,298.0051579836037,21674.04466145833,22852.88933919271,21986.40699869792,21954.62716471354
2019-11-02 07:00:00,6212.610002790178,23293.426171875,10294.56036783854,6909.803370786517,2059.2730405150346,66.08172274036568,5068.279064941406,0.0,,1.596856502691905,0.0,0.0,2383.8599617581417,2226.4115498860688,,0.0092492568073794,8.960602511878776,2824.22759240415,3588.2947700564605,4016.7017935103736,2154.9626037597664,0.0008893969332546,2200.110866292319,2635.948242187501,0.0,0.0,2564.7188334147145,74870.390625,1550.5082523566637,0.0,2066.755607096354,2071.144496372769,3.976437513033549,0.0,1619.4638977050793,1339.6635396321626,6345.583352481618,,2998.5834981282555,5936.564949612658,8874.20261620273,1325.3961049397792,8937.245947265625,6037.227046678047,184.01611099243163,0.196432920188463,297.9990549808791,155.0313613891602,131.88143920898452,133.99208450317388,130.59763018290195,132.9942970275879,134.02897759445585,130.97054799397787,298.0025428771973,21614.97731119792,22865.38629557292,21871.221158854165,21906.283121744797
2019-11-02 08:00:00,6218.790934917355,23378.74842122396,10296.27518546481,6915.666666666667,2061.25848035576,66.06215434429075,5067.880229855372,0.0,,1.9199438235339,0.0,0.0,2136.256573637656,2235.032532251183,,0.0090793094423133,8.947322695708472,2822.430220170455,3589.220156330708,4018.641411899536,2160.307221228336,0.0001411130951294,2200.794614134717,2661.316029866537,14.394167757800258,0.0,2559.7390441894536,74870.390625,1150.833984887901,0.0,2066.1167053222657,2137.919984944662,5.148457598686219,0.0,1643.0993387858082,1387.2510284423834,6345.466577148438,,3496.644069417319,5975.284932454427,8873.33651529948,1350.7832132975273,8935.580224609375,6169.590921197056,184.01484995440015,0.1967368538180987,298.0223286946615,154.97452214558922,131.93125915527347,133.99729156494146,130.60810152689606,133.01075038437017,134.0118867227855,130.8358483632406,297.95472427242066,21739.71404622396,23001.703564453124,21872.714713541667,22047.73946940104
2019-11-02 09:00:00,6235.634191894531,23351.777262369797,10292.088156960228,6831.194444444444,2053.21471455892,64.86598761876424,5068.328412224265,0.0,,2.0267794072628025,0.0,0.0,2064.598706054688,2249.035531540548,,0.0094192041724454,8.951288135846456,2821.01258951823,3590.3438110351567,4019.511216227214,2159.7843653150835,0.0,2199.392253276731,2677.534062746193,2231.5112335334275,29.85276630496195,2554.583781266413,74870.390625,660.0,0.0,2066.527482096354,2174.2398792613635,3.384641799330712,0.0,1667.7051666259763,1428.449363014915,6344.996964518229,,4512.848181152343,5984.208630371094,8874.27880859375,1360.2043164466045,8933.46337890625,6343.43581768645,184.0640678085199,0.1967526660611232,298.0464787759072,154.98100369035708,132.17751015907476,133.947566986084,130.61191647847488,132.96969937877492,133.99912261962902,130.8324200338569,298.01302108764656,21707.07514648437,22931.942626953125,21958.49580078125,22083.352652994792
2019-11-02 10:00:00,6150.33612214417,23228.8103515625,10353.457063802083,6699.25,2046.6894897460943,64.39269367853801,5048.265026855469,0.0,,2.0969709018866225,0.0,0.0,1999.9009876411508,2260.1927083333344,,0.0094758532941341,8.954019875085654,2822.6057990579047,3590.1042111180413,4020.39954331342,2154.615824381511,0.0115472677979547,2199.615549723308,2815.7829145951714,7213.060111935399,5219.983600348207,2609.571004568053,74870.390625,660.0,0.0,2065.6712056477863,2151.2477966308597,2.4304090876224618,0.0,1692.4283772786468,1483.144258626303,6345.018310546875,,4444.527298990885,6008.407702737603,8875.010009765625,1355.8149454752606,8931.107365379648,6590.6893683819735,184.15172526041667,0.1966248226067251,297.96894772313226,154.97523956298835,132.7056730895483,133.1938866933187,130.84300359090165,132.84797441466776,134.0640792205555,130.7077113560268,297.7849190335314,21550.495947265623,22792.64936523437,21806.065006510416,21964.18963216146
2019-11-02 11:00:00,6328.050390625,23197.63230794271,10389.666475183823,6828.166666666667,2058.4563562729786,54.05330956082384,5013.222888183594,0.0,,2.0969709018866225,0.0,0.0,2149.108129075737,2272.0326840697226,,0.0094192041724454,8.979818241655334,2836.594161608988,3591.389392190729,4028.81633361312,2150.6625832950376,0.0112547176026345,2200.188045726104,2979.2388773600264,7863.075861150568,7217.266319085744,2626.1738220214847,74870.390625,660.0,0.0,2063.8578267415364,2113.919980875652,2.6462862772100118,0.0,1714.1065734863275,1519.115676879883,6345.018310546875,,4364.100311022847,6016.457507221639,8877.053751291322,1461.8867543538422,8929.165958180147,7037.827558757878,185.1381899515788,0.1960846567604721,298.0147505831128,154.97552541524428,132.2113548278809,131.46585782368982,131.25107358296722,132.78062682592568,134.165138244629,130.10023117065438,297.91336160454875,21544.287369791666,22733.525992838546,21847.36180013021,21968.11162109375
2019-11-02 12:00:00,6226.37349883781,23191.731026785717,10382.3775390625,6912.333333333333,2044.9769529232317,43.69269807673683,5067.925842285156,0.0,,2.07064909140269,0.0,0.0,2201.7624593098967,2256.7509362086785,,0.0094192041724454,9.055610855420433,3118.1376180013026,3809.651727294922,4200.6377360026045,2153.5977066922787,0.0028948505614776,2200.0273881392054,2799.88500366211,7563.775907389323,6444.969372558594,2623.9248270670582,74870.390625,660.0,0.0,2063.550894240704,2080.67944746258,2.7101930131514878,0.0,1734.8483398437504,1511.5228630514712,6344.9737548828125,,4280.132043457032,6003.4302978515625,8882.256770833334,1414.8921637014182,8931.15947265625,7049.895727539062,184.1400754313824,0.1940784794239958,298.01403167468163,153.46764758401667,133.36505152174269,131.7730671275746,131.6992227853822,132.82370272549716,134.07312774658214,129.47465642293304,297.9056498209636,21536.12588629202,22702.465418198528,21900.21512276786,21912.78971901261
2019-11-02 13:00:00,6322.732253643645,23191.756917317707,10528.763517252604,6900.32967032967,1970.3235738118497,40.0644876797994,5068.05830078125,0.0,,2.0531012177467347,0.0,0.0,2197.188122558595,2255.736180409665,,0.0094192041724454,9.099260703722637,3114.485162353516,3814.857147216797,4196.050105794271,2139.514613850912,0.0001726190191162,2200.0699411600585,2800.3359639485684,7590.893233235677,7038.354130045573,2674.251098632813,74887.74199380165,660.0,0.0,2065.7034901851366,2072.420075219526,4.218993415517256,0.0,1753.5411916097005,1525.750216674805,6344.441967773438,,4201.921606445312,6014.960457356771,8882.074497767857,1402.3268155184662,8931.537383780991,6949.379455566406,184.0823918660482,0.1936326390753189,298.01106829682664,149.53584264119465,133.35902212447473,131.3477911631267,133.15471258083312,133.84235560099285,134.22239964803077,130.0889086762736,297.93535359700525,21520.392236328124,22697.48916015625,21911.79931640625,21872.44877929688
2019-11-02 14:00:00,6439.448661867252,23261.58550167872,10648.372328576965,6846.944444444444,1967.9866689046223,42.654305712382,5068.499829101563,0.0,,2.280842145284017,0.0,0.0,2203.0579003085613,2250.3189808238644,,0.0094758532941341,9.10045313835144,3108.8458693047537,3808.751040162159,4189.29913176208,2141.193963623048,0.1319477172771108,2199.8466312629143,2799.589000541624,6259.743366145286,3994.990558208185,2701.3042238379726,74952.33620010504,660.0,0.0,2064.6312508070764,2067.99628499349,4.148209952506699,0.0,1773.1374043782566,1535.6338704427085,6344.190388997396,,4119.079323323568,6028.731693522135,8884.268538411457,1265.030617080817,8932.034434086134,6916.1668986002605,184.09464898630355,0.1933706566691398,297.9991062709264,149.93373582343096,132.3560498555501,130.42661202054072,134.40236670123647,134.89768135647813,134.8510028429268,131.28487530876615,297.9751281738282,21624.852805397728,22767.40579803719,22005.95133329029,21945.27526149277
2019-11-02 15:00:00,6364.82913438813,23028.695345052085,10650.542336856615,6815.75,1995.6528971354169,44.13788213729858,5101.022281901041,0.0,,2.229342937469483,0.0,0.0,2200.1544078480124,2248.057189941408,,0.0094758532941341,9.103870979944864,2821.5213451543136,3589.3953484149024,3999.59483551782,2091.1807383219407,0.2822285037073925,2156.9087056477874,2878.566569682981,5613.368714892175,476.1098702513543,2705.863507231406,75070.913671875,660.0,0.0,2065.400935872396,2057.1977294921894,5.176559568444889,0.0,1791.4254271452096,1538.5043579101578,6343.704850260417,,4033.149074300131,6017.777042643229,8887.443172200521,1276.365044148764,8933.372046100207,6858.993920898438,182.0371107737223,0.1933703184127807,298.0221151556851,149.95586931212878,132.7924006144206,134.08161506652834,132.89210766704144,135.15140571594242,134.99317996241467,129.5103377024333,299.82192560831714,21447.059147135416,22559.728450520837,21761.980908203124,21743.61232096354
2019-11-02 16:00:00,6329.501799780475,23083.105322265623,10677.24956417872,6823.342696629214,2056.0593241202737,42.920557551023336,5184.0712890625,0.0,,2.1057448387146,0.0,0.0,2204.087672932944,2242.147994353992,,0.0094758532941341,9.09579967657725,2729.328068033855,3508.5161824544275,3925.675901285808,2057.589393423386,0.0337557125565653,2099.778184906776,3099.6939941406254,6366.252665201823,1056.6752547677784,2702.3555826822926,75121.9375,660.0,0.0,2065.264256581539,2051.1078206380207,5.25094730158647,0.0,1810.0014556884785,1546.8920491536462,6342.544368489584,,3950.529575316374,6012.728059895833,8888.062320963541,1368.7100931803393,8935.225528492647,6720.378413933368,183.97856725056965,0.1935366109138777,298.0106811523438,150.28151321411144,132.69021089411967,134.11242448791006,131.7872734069824,134.06389617919928,133.88008499145522,128.3720683415731,297.55530344645194,21473.97122395833,22601.903401692707,21823.298046875,21764.51655273437
2019-11-02 17:00:00,6269.116129557292,23116.537890625,10674.325960286458,6820.638888888889,2053.1175970912973,39.52067748771227,5184.0712890625,0.0,,2.062237713947769,0.0,0.0,2198.004449462891,2239.1732055664074,,0.0094192041724454,9.09676127433777,2775.2690429687505,3537.154231770834,3957.39979654948,2129.309642537436,0.0253182973842442,2099.866235149794,3099.755594889323,7621.326922761292,3286.550310579936,2701.014678955079,75121.9375,660.0,0.0,2065.420770263672,2045.672693589156,4.609990086437258,0.0,1828.2704216452205,1558.9094783057856,6342.242643229167,,3866.554250508798,6011.343213294163,8887.842309570313,1386.858239746094,8935.5408203125,6629.4718971573,184.08814646403,0.1935142496646928,297.99409993489587,149.9778503930869,133.0058609137014,134.13693673270097,131.86305236816403,133.94021442507915,133.79084014892587,129.29911677042648,297.84578323364263,21535.21505533854,22636.8125,21867.955078125,21788.412239583333
2019-11-02 18:00:00,6204.016721598307,23083.79249277836,10677.47801503414,6829.694444444444,2060.929314168295,40.87819277445475,5184.0712890625,0.0,,1.8226194822487716,0.0,0.0,2202.08167221967,2231.3290006779453,,0.0094192041724454,9.098602238823386,2782.561874261424,3537.5641146106886,3953.616598690258,2218.631747159092,0.0341839145429195,2099.6791402181,3100.381115722657,6637.6779113769535,1898.96197050056,2699.2861551920582,75121.9375,660.0,0.0,2065.126341764592,2036.7237080891923,3.745835531751316,0.0,1845.1158060709645,1564.1798655192056,6341.6642659505205,,3781.466552734375,5997.628327698267,8887.77871907552,1371.7733652750655,8935.937919679753,6516.857195893595,184.6275441823912,0.1934703320264816,298.02802530924487,149.95106846833033,133.42982306362182,134.16778945922857,132.03891369528026,133.94992680910255,133.9921035766603,129.81666754099948,297.9332498502331,21504.838383009454,22604.09240414916,21807.079503676472,21796.255038734245
2019-11-02 19:00:00,6052.607206217448,23076.218229166665,10699.67596028646,6849.450549450549,2057.0068176269538,42.34940900802612,5184.0712890625,0.0,,1.6231783131758375,0.0,0.0,2201.69587140044,2228.0708312988286,,0.0094192041724454,9.098159931907968,2795.807613152119,3545.1763744511886,3960.644470719268,2168.0365112304694,0.0028039045613284,2100.040431722006,3035.010974121095,3678.585025503616,0.0,2700.691882324219,75121.9375,660.0,0.0,2065.6834829634977,2031.3116607666032,4.180715524849772,0.0,1860.8380533854183,1576.6789971359638,6341.317568440083,,3700.1482569590335,5996.701151529948,8885.921272786458,1351.483887736003,8935.788373161764,6371.271236165365,183.80108540852865,0.1934321961055199,298.0062052408855,150.024315329159,134.52788022359215,135.2139719813323,132.100269317627,134.00348808351634,134.94771614074705,130.70679550170905,298.01298510338654,21484.494401041666,22604.37356770833,21800.83857421875,21761.90115559896
2019-11-02 20:00:00,5679.579536946615,23170.98455255682,10713.54175813533,6868.75,2064.2930969751187,43.97238149562804,5184.156323242188,0.0,,1.4792422420722395,0.0,0.0,2199.120758056641,2225.0298807779955,,0.0094192041724454,9.09981902440389,2805.291188557944,3557.575626627605,3976.441090901693,2167.4581298828134,2.5792298611564864e-06,2099.827105712892,2812.202101643881,4878.964691162109,0.0,2702.860955810548,75121.9375,660.0,0.0,2064.795180139463,2030.4850509265243,4.016110959649087,0.0,1878.6877624511728,1593.490114339192,6340.653548177083,,3615.250392659506,6001.417823476239,8884.627067057292,1328.4933123627973,8935.727685546875,6273.94962086397,184.33610458374025,0.1933470025282948,298.01887003580737,149.92992401123047,134.50348332722987,135.15625432332357,132.1184761624377,134.0146292037323,134.9919132201139,130.61777432759607,297.99267578125006,21577.90700865186,22703.64244899277,21895.48681237087,21845.108826188018
2019-11-02 21:00:00,5063.308327041755,23079.74265950521,10608.395163143385,6889.101123595506,2017.6443062774413,43.7372908474,5184.0712890625,0.0,,1.4244744497187,0.0,0.0,2202.021322298451,2217.0509946165976,,0.009135958564002,8.841730101769711,2811.6191672958257,3564.807929030988,3984.5043678604266,2166.55878092448,2.742527784144555e-07,2099.696744791668,2550.439774576824,5563.106757155987,268.7967714032301,2593.642237559088,75121.9375,660.0,0.0,2065.30424194336,2022.366852063092,3.982223212718964,0.0,1894.1174713134767,1600.2198476239669,6340.193621980042,,3524.058388264974,6009.6867039784665,8883.380973307292,1316.18553559119,8936.722301136364,6194.509789837293,183.2890301872702,0.1952801378797893,298.03092447916674,149.99267578125003,134.52950185139983,135.4946326247784,132.23522381743126,134.23430226643885,135.00429823418622,130.60340265867094,298.13468729654954,21492.271907552084,22618.348502604167,21775.84207356771,21792.61376953125
2019-11-02 22:00:00,4652.049435450026,22868.514388020834,10161.713191731773,6916.583333333333,1997.8374399820968,41.9978946685791,5065.754225045196,0.0,,1.15815966129303,0.0,0.0,2200.298046875001,2216.5637105306,,0.0091926076856907,8.652621285120647,2668.35560506185,3494.158725992839,3840.990592447917,2166.974208577475,0.0,1937.8035624186205,2398.133782958985,7959.289575195313,3839.627824543714,2314.1758437984254,75121.9375,660.0,0.0,2064.97671431854,2016.5654144287123,5.11952897310257,0.0,1911.2728993733729,1610.9998881876966,6339.479516601563,,3438.064120205967,6028.530079739153,8880.738346354166,1311.0678914388031,8936.897469143907,6139.4944254557295,182.1731424883378,0.1964190330356359,297.99689737955737,150.34749221801758,134.50967381581543,135.73748741149905,132.22120371586146,134.56175761577512,135.02858975728356,130.08161557515467,300.18610738118497,21250.22303059896,22416.36870117188,21556.026806640624,21539.71482747396
2019-11-02 23:00:00,4328.971368408204,22927.54301798845,7975.456363932291,6929.611111111111,2047.792677815756,42.13753760655721,4937.812573242188,0.0,,1.0967421034971876,0.0,0.0,2227.431572023503,2210.4827447055795,,0.0085694673471152,8.650842966127001,2633.8362704190345,3477.0836373321285,3806.291528118544,2146.791878255209,0.0,1640.3423105875656,2110.6231719970706,7918.159018272211,5611.511355565599,1537.3119130452478,75121.9375,660.0,0.0,2065.105850093621,2015.3173878987627,5.275743212302527,0.0,1928.5366770426435,1629.1192072088083,6339.007112630208,,3359.504958721771,6034.300247833508,8879.320990444216,1301.7701416015625,8937.128955078126,6087.232934775473,184.0456116994222,0.1964417469351231,298.0629623797762,149.65163806253224,135.55402247111004,136.13211967531316,132.53885256449388,134.52340087890624,134.79400723039612,131.13014864330452,297.83759562174487,21316.096523765755,22458.816931460085,21606.39229910714,21600.605238970587
2019-11-03 00:00:00,4904.587259928386,22855.26073411673,8258.268131510416,6930.166666666667,2048.0935963948573,48.404176902771,4937.3146705948,0.0,,1.1572895187976937,0.0,0.0,2391.884395345053,2214.656947544644,,0.0077763796434737,8.648755582173665,2632.557757568361,3474.7097656250003,3807.03666381836,2133.571682970064,0.0,1834.152623793659,2467.356449381511,7913.776794433594,6162.749232991537,1785.1015513102218,75121.9375,660.0,0.0,2063.8615414915967,2018.6903479710115,3.9714783350626632,0.0,1944.9788024902343,1650.661790350906,6338.835359700521,,3283.972860036803,6042.614469401042,8876.58516609769,1301.5984391141528,8937.931705191115,6085.502762858073,182.67190551757812,0.1958704652885596,297.9382800898277,150.1448936462402,134.06691269047005,136.1702276919069,132.6379272208726,135.04549837513133,135.06796048482258,131.05621096293137,299.81977780125726,21239.94415030992,22385.695732179756,21515.674522210746,21503.151084710746
2019-11-03 01:00:00,5041.807727050781,23126.38605143229,8481.239677492253,6925.277777777777,2044.365228271485,43.21287136077881,4938.178881835937,0.0,,1.1501967606424286,0.0,0.0,2527.9782694498704,2213.077634701059,,0.0086893200343243,8.647890710830689,2633.598494466147,3476.7072774251305,3808.728340657552,2157.7747348753883,0.0,1849.666395959776,2503.68212076823,7760.973168945313,6522.806823730469,1871.693931070964,75121.9375,660.0,0.0,2063.4738386169947,2012.7220335888255,4.036774217089017,0.0,1962.0019805908205,1661.0226420084634,6337.776106770833,,3201.655438232422,6040.541670735677,8875.45598205062,1302.189784749349,8938.006396484376,6098.672583007812,183.96049839997096,0.1947527435446573,298.02807617187506,149.82916259765628,135.1884716033936,136.11222019668455,132.8995766957601,134.90105747191376,134.79352793974033,131.7467058967142,295.99833817915487,21528.655712890624,22655.40460611979,21797.62223307292,21805.58662109375
2019-11-03 02:00:00,5056.61567993164,22949.86479492188,8898.724934895834,6923.406593406594,1995.053954060873,42.29707797368368,4938.75634765625,0.0,,1.0791942298412325,0.0,0.0,2553.7203063964853,2208.3026502593234,,0.0080029761302284,8.648796240488688,2634.683233642579,3479.1889933268235,3812.629650878907,2191.21908569336,0.0,1850.2183787028,2446.3693868001305,7407.330786132812,6238.689762369791,2053.9658874511724,75121.9375,660.0,0.0,2064.085127766927,2011.2302215576167,5.075722847382228,0.0,1979.4292496610296,1677.4251108805342,6336.979573567708,,3120.219038899741,6049.101090360279,8874.261603860294,1287.1213623046883,8938.292648700106,6072.194258626302,184.0048581932773,0.1950903101513783,297.98311360677087,149.93482060793065,135.42314122517922,136.13294219970712,132.97499478658042,134.97165801745504,135.0661469777425,131.79175914417618,298.02421061197924,21350.497298177084,22484.23798828125,21619.198486328125,21634.96241861979
2019-11-03 03:00:00,5009.594675272453,23050.782454427084,8961.214146205357,7053.258426966292,2017.147524007162,44.48773005803426,4937.3146705948,0.0,,1.0616463561852774,0.0,0.0,2547.645493451287,2207.119745932336,,0.006505344728274,8.648107200109658,2640.890423943016,3483.101141921613,3817.95006400998,2163.011568196616,0.0,1850.2080718994143,2350.276317949056,6601.42034450499,6272.4996758469015,2065.673483455884,75121.9375,660.0,0.0,2063.7331871225056,2007.9753997802736,6.089049065113068,0.0,1996.161633403362,1690.6372344970707,6336.27958984375,,3034.916949462891,6047.7456095719535,8870.822591145834,1281.0589835543608,8938.591357421876,6041.560852050781,184.0354368351708,0.1954233848800262,297.99389648437506,149.98076257626877,135.39927801564977,136.1346825351235,133.0930863067883,135.0112529754639,135.0473978678385,131.42775232651664,297.9512526568245,21439.00786132813,22574.564339192708,21724.21515299479,21746.166015625
2019-11-03 04:00:00,5187.44690445829,22998.469873046877,8963.184733072916,7290.305555555556,2022.1202524820967,44.29025831222534,4938.30224609375,0.0,,1.1844814717769625,0.0,0.0,2551.7806193033857,2204.7797648111987,,0.0063035024795681,8.650172312397602,2648.423520914714,3482.147857666016,3823.27426147461,2166.650490315756,0.0,1865.1135793050137,2333.665065511069,4179.714347330729,1520.6792430596788,2071.112520345053,75121.9375,660.0,0.0,2062.895762125652,2005.783431124096,4.612449192803754,0.0,2012.726264444987,1703.25012512207,6336.231315104166,,2943.578725179037,6047.973746744791,8869.09071451823,1281.4996846516945,8938.686735026042,6035.592073567708,183.95367584228515,0.1952845859030882,298.02950032552087,149.98944854736334,135.17214549671522,136.14409341102805,132.9733164469401,135.05327237447105,135.01838671366366,131.26179250081387,298.0558471679688,21383.219319661457,22523.252099609374,21656.682356770834,21671.34153645833
2019-11-03 05:00:00,5239.23681233724,23014.189814206933,8968.128515625,17.994505494505493,2010.228938802084,43.246456940968834,4938.191964285715,0.0,,1.33363839785258,0.0,0.0,2550.8312296549484,2207.475329589845,,0.0056237130193039,8.649681973457337,2655.054742431641,3481.9695536295576,3828.0629721397218,2152.564337158204,0.0,1899.860045369467,2300.0288879394543,2907.1185088475545,30.05969266894741,2070.785231526693,75225.30559895834,660.0,0.0,2062.58365750904,2008.977207728795,5.393423073432026,0.0,2029.243617757162,1726.235133870443,6335.959338378906,,2870.317171497506,6063.694974772136,8868.322672526041,1285.861218261719,8939.423038736979,6039.078637695313,184.08932177225748,0.1954394699384768,298.01208265288545,150.05920923056715,135.01066512420397,136.1479153673189,132.90281601582677,135.0110923830143,134.9741134013026,131.32423022561824,298.0340779622396,21389.77868960084,22533.32968421744,21677.748014049368,21642.0536042542
2019-11-03 06:00:00,5293.792221966912,23015.033919270834,8971.091667742769,35.2247191011236,2002.0177714029955,43.025519625345865,4936.98837890625,0.0,,1.4618393921655075,0.0,0.0,2568.6503825542363,2210.645846326812,,0.0066433972097001,8.657301775614421,2659.226580659221,3481.3208572766016,3833.552897135417,2149.252207523635,0.0,1899.972382361148,2300.114669421488,4294.352952783758,712.5935458947827,2065.219242316633,75372.9375,660.0,0.0,2062.265432149423,2027.8690378824883,7.09367968622318,0.0,2045.0187327067065,1760.7278361002614,6335.583422851562,,2802.0866861979166,6097.050162760416,8867.61574283316,1300.6612559000669,8938.690551757812,6081.801208496094,183.95014673868812,0.1951788713534673,298.0296529134115,150.00227746884687,134.8844699071459,136.14938354492202,132.8630714416504,135.01186294555666,134.97412096552486,131.44015502929685,297.9532063802084,21384.39822591146,22554.71521809896,21661.77550455729,21644.88409830729
2019-11-03 07:00:00,5616.239645209194,23075.126452737604,8965.220239257813,29.22222222222222,2013.0057311498824,42.74802225577731,4938.02978515625,0.0,,1.6670479973157248,0.0,0.0,2693.2708353678395,2219.4288981119803,,0.0085128182254266,8.661611398061117,2542.118756103516,3356.5457600911463,3725.283365885417,2168.832690429688,0.0,1899.8309417724613,2228.3906962076826,5788.10473836263,2295.822881783836,2058.1727864583345,75372.9375,660.0,0.0,2061.98119108342,2069.949433390301,4.633293081732356,0.0,2062.2667134602875,1810.061030069988,6335.232568359375,,2738.011993155992,6153.353181966146,8866.715327928046,1329.3914367675784,8936.83525390625,6207.419490089102,184.07956250508627,0.1951179176318545,297.911344909668,150.01690263507743,134.87731651498487,136.1496124267579,132.91011483328683,134.9627903529576,134.9832724253336,131.48079982725514,297.9474062601726,21415.72478693182,22626.92155216942,21658.252388946283,21725.22925813533
2019-11-03 08:00:00,4819.035675048828,22911.824990152312,8963.40693359375,15.97222222222222,2016.1368398114676,42.16227895563299,4937.914924172794,0.0,,1.5529868185520177,0.0,0.0,2695.9243570963545,2231.555500629521,,0.0089093620772473,8.642122077941895,2522.9051330566417,3342.6725911458343,3714.2090861002607,2163.546712239584,0.0,1900.3657387977796,2178.496803792318,5467.159387207032,3546.6602168340314,2059.333307346377,75372.9375,660.0,0.0,2061.136909548977,2039.3661346435551,1.4199791659911478,0.0,2078.275862630209,1820.7926635742188,6334.530859375,,2652.2531081768657,6130.508086905992,8867.470711195765,1339.049095662435,8937.844686208678,6326.902982584636,184.05746815999356,0.1954826674431808,298.0989789326986,149.91212829085427,134.8263205536141,136.14017782920658,132.87016737756653,135.0284594070813,134.98120709884265,131.51448440551772,297.9682121276856,21314.84590007878,22464.148125656517,21600.897994353996,21586.578551733197
2019-11-03 09:00:00,5256.360811121323,22862.037027994797,8958.25586751302,5.472222222222222,2003.645277007288,41.58282884229131,4937.904150390625,0.0,,1.804924147469657,0.0,0.0,2702.817478434246,2230.476784073005,,0.0089093620772473,8.651306287447612,2525.8818094889334,3342.077500406901,3715.585308837891,2162.996927897136,1.254963515408022e-06,1900.0010329815525,2249.965725938814,3877.7104044596354,381.2711846313048,2056.693387858073,75372.9375,660.0,0.0,2061.3162658691413,2069.756005859376,3.859070228536923,0.0,2095.8446438371657,1842.0558416193185,6333.503356933594,,2576.8606965876816,6151.165743001302,8867.54951171875,1354.7274321248717,8937.182165835084,6396.392594401042,184.00543482163377,0.1953614307802264,297.95671590169275,150.0749386058134,134.79779739379882,136.14283765263923,132.867095820109,134.99145342508953,134.99289312282528,131.6128529950608,298.16235605875664,21246.713053385414,22427.363151041667,21513.78878580729,21540.3984375
2019-11-03 10:00:00,5111.833120803202,22874.16261393229,8957.520417542017,5.1923076923076925,2014.642098999024,41.95077006022135,4938.0751953125,0.0,,2.0267794072628025,0.0,0.0,2700.1950113932303,2237.708488022987,,0.0093625550507567,8.657897814114888,2525.8048156738287,3342.0548319498703,3716.286539713542,2164.6137130359,0.0019822770336179,1840.9017828318704,2249.8917460123703,7466.881022135417,5648.986517781642,2053.407336425781,75372.9375,660.0,0.0,2060.5278824735287,2077.793986002606,1.706785184144974,0.0,2112.8274849002114,1878.106424796481,6333.202624511719,,2503.502587890625,6178.739516314338,8866.361401982667,1352.1501444498697,8934.884765625,6509.842106119791,183.96220044853277,0.195192889124155,298.046579660463,149.95914840698245,134.68252817789715,136.15087127685553,132.8798024153509,134.99601262410482,134.98313613765495,131.655818939209,297.91627960205085,21248.07021484375,22430.98369140625,21539.184375,21586.15330403646
2019-11-03 11:00:00,5275.183653246455,22773.10903602789,8965.130657605889,5.388888888888889,2004.7255950171104,41.66122909419793,4937.545537355567,0.0,,1.9390400389830276,0.0,0.0,2698.014104763,2249.180871274292,,0.0094758532941341,8.648174293835957,2521.769369173451,3340.9893727022063,3717.1848185563294,2165.6177783613457,0.0023628453520907,1700.194813960741,2330.9634212777646,7996.292066045168,7890.442690552783,2057.1550131553468,75372.9375,660.0,0.0,2059.9450724283865,2080.1104928008795,3.759961733148118,0.0,2131.3777723075946,1917.411557006836,6333.302868652344,,2426.110238724397,6200.4535725911455,8866.02861328125,1374.1441794002765,8934.61015625,6745.028063964844,183.94677734375,0.1954217742789875,298.00161948324256,150.19401931762698,134.516899814125,136.1446230549458,132.84610565437754,135.03202349344892,135.00040054321286,131.65513229370123,298.1872646867737,21147.094137396693,22307.43733858471,21441.4992736312,21469.64490250517
2019-11-03 12:00:00,5446.890556398502,22716.786945246848,9530.154354319851,5.361111111111111,1977.7135614988188,40.12218484958681,4937.034167480469,0.0,,2.5960513461719863,0.0,0.0,2703.7133022339885,2258.251787674329,,0.0094758532941341,8.658347296714783,2516.02508191826,3341.054334404055,3718.6212148114673,2163.059176862733,0.1518769233654913,1700.352268691891,2479.4065450032563,7999.98095703125,7999.98095703125,2304.8033813476573,75372.9375,660.0,0.0,2059.222711181641,2096.228708475579,4.415755753757573,0.0,2151.2364963563555,1956.9593902587897,6333.503352864584,,2372.607409667969,6257.8561386234505,8866.049401149277,1410.8113478983732,8933.479209710744,7087.700244550945,183.99897626241045,0.1953111259626741,297.99247233072924,149.7617018518369,134.3614895402894,136.1572991689047,132.78441844267,134.97304611206053,134.9096480051676,131.9223879004727,297.9510992995832,21086.79396993172,22252.299550288863,21422.069541097688,21387.821609112398
2019-11-03 13:00:00,5712.773217773438,22804.470670572915,9783.172407670454,5.617977528089888,1999.0474510508136,42.1759367383216,4936.759436035156,0.0,,2.589837392171225,0.0,0.0,2630.998854573568,2265.342038981121,,0.0094758532941341,8.64757730960846,2511.275124104818,3342.7440348307296,3782.158461507162,2154.012943522136,0.7388246534935508,1639.1319396972665,2703.4263556985297,7999.98095703125,7999.98095703125,2406.1002597328,75372.9375,660.0,0.0,2059.760891954439,2090.258902994793,2.5131987333297734,0.0,2170.514369996127,1963.725396728517,6333.507067871094,,2288.547660319012,6259.287150407038,8867.36419216124,1439.8746204536506,8934.222935267857,7204.495452124225,184.01550738016763,0.1955551767398503,297.9918497889496,150.11634121422009,134.2838057830555,136.14643436720397,132.8436925252279,135.03004099527996,134.99559351603187,132.14356613159188,297.94937663432995,21168.798209635417,22335.74851888021,21558.831477864584,21468.37275390625
2019-11-03 14:00:00,5782.940802001953,22807.108874612604,9927.526529947916,5.333333333333333,1992.2867940266935,40.75088175137838,4937.217321777343,0.0,,2.507438659667969,0.0,0.0,2600.2195719401047,2260.656038411459,,0.0094758532941341,8.649336767196655,2510.353273518881,3371.6261678059905,3874.001692708334,2148.377891031902,0.3622458977114518,1948.0348134358728,2976.9615771080844,7999.98095703125,7999.98095703125,2480.602225748699,75372.9375,660.0,0.0,2060.211234537761,2079.343237506458,3.3201724251111355,0.0,2189.724389648438,1976.268000284832,6333.156213378907,,2200.6684712727874,6251.846784607438,8868.426953125,1347.232924280088,8934.178993414256,7206.861450195312,183.99633776346843,0.195460462073485,298.0367531656218,150.00067718758078,134.22546563266724,136.1477820025988,132.7660980224609,135.03444569905602,135.00949859619138,132.07436200606918,297.947662862142,21195.081498579544,22321.349383393597,21532.64572572314,21495.672536802685
2019-11-03 15:00:00,6071.759855895483,22835.74396158854,9962.90773535977,5.333333333333333,2001.4989440917973,41.31748377482096,4937.034167480469,0.0,,2.3117416699727382,0.0,0.0,2598.543212890625,2259.979510651918,,0.0094758532941341,8.64859679566712,2509.885017972033,3391.0076976102946,3894.484397567621,2178.8407485064345,0.1306510691442352,2120.187121582032,3182.92611287435,7999.98095703125,7999.98095703125,2475.127978112088,75372.9375,660.0,0.0,2059.7632405598965,2071.2312052750804,3.1980473564452487,0.0,2208.4921423647584,1984.1919433593769,6333.12744140625,,2119.6056884765635,6247.077948562237,8871.463460286459,1310.4729886095065,8934.553719143907,7198.371742056197,183.9590175853056,0.1954585492610931,297.7026621921004,149.95723948759192,134.21642989471175,136.13885626272,132.71577453613276,134.9924650828044,134.97392837139736,132.12861235802922,297.97787219135705,21217.823876953124,22345.380696614586,21577.29765625,21559.125065104166
2019-11-03 16:00:00,6115.65615234375,22823.24288736979,10004.074848269627,5.305555555555555,2005.1806507270885,40.51690745954754,4937.171533203125,0.0,,2.31347273578163,0.0,0.0,2589.199259103824,2254.246454916711,,0.0094758532941341,8.644343935753689,2511.3374810337045,3390.899097284995,3893.258980743157,2184.0497259975477,0.0167359524993952,2149.9595520019543,3199.9484944661463,7999.98095703125,7999.98095703125,2481.089709472657,75372.9375,660.0,0.0,2059.858192633006,2062.308317326319,4.292172105113666,0.0,2227.07034881844,1993.89289389366,6332.4287109375,,2031.026404825847,6235.525257457386,8872.765980113636,1401.425454711914,8936.035400390625,7139.983789869577,183.923539352417,0.1955477758115079,298.0439850622867,150.07197860843883,134.19672393798828,136.15029907226565,132.7380888127098,134.9932189428506,135.00616048177082,132.13772964477545,298.00052661738124,21246.71064453125,22345.297005208333,21573.668001302085,21526.245052083334
2019-11-03 17:00:00,6056.239738022986,22922.209440104165,10046.72832845052,5.555555555555555,1996.3070261637372,39.91725786526998,4937.48486328125,0.0,,2.07064909140269,0.0,0.0,2546.333163734245,2249.4257607339828,,0.0094758532941341,8.650302646540794,2510.1387518874744,3391.192267922795,3894.9647657891287,2232.847085904675,0.5901467112099549,2105.9455790201832,3050.925423177084,7495.704805501302,7132.813264973958,2482.9904703776047,75372.9375,660.0,0.0,2059.57064819336,2052.919751592044,4.41449857155482,0.0,2245.226794331013,1992.575431315105,6331.64190519958,,1940.5074654571283,6214.469991048177,8874.114134716387,1404.1086940292496,8936.993430397728,6900.049544270833,184.09091262817384,0.1954083713392416,298.00284830729174,149.9476737976074,134.1715278625488,136.1498413085938,132.76933827119714,134.98672294616696,135.00610326131184,132.1793289184571,298.150809733073,21332.40146484375,22423.941259765623,21638.92062174479,21609.39545898437
2019-11-03 18:00:00,5929.296565755209,22906.05670627626,10056.756070963542,5.027472527472527,2018.6449156201584,42.54361627121602,4981.143755744485,0.0,,2.080948932965597,0.0,0.0,2554.5388466070517,2246.488283267692,,0.0094758532941341,8.73620070307708,2512.6771472268856,3390.740639930915,3893.7952023340654,2158.7219339165813,0.0003369092387586,2053.813681030274,3128.396213785808,7419.006553460744,6393.743648308368,2480.9863486410195,75372.9375,660.0,0.0,2059.9574645996104,2053.243611653647,5.878884944048795,0.0,2263.626474932207,2015.0957020991991,6331.013781738281,,1865.218403279281,6225.244776621586,8873.284375,1386.350868733724,8937.347705078126,6799.483756510416,183.85466179965945,0.1944054766627382,298.00456124297847,150.1700380469571,134.15523910522458,136.13652706934403,132.80689359302357,134.97604180958646,135.0204273223877,132.16143798828136,297.92736816406256,21285.264837184877,22390.189912683825,21615.62050288865,21528.469472163863
2019-11-03 19:00:00,5980.169319661459,22818.1282928719,10073.43806966146,5.055555555555555,1997.991602579753,39.9878446261088,5016.992998611829,0.0,,1.8688485443592076,0.0,0.0,2511.950439453126,2246.419911616992,,0.0094758532941341,8.84656325107863,2597.535217798057,3391.947758009455,3970.800760733981,2171.577380371095,0.0008861112244462,1983.6146565755207,3094.050406901042,7430.009507123162,7325.692756204044,2476.734912109376,75372.9375,660.0,0.0,2060.2301035648647,2051.023557535808,5.064977966745696,0.0,2280.136112467449,2034.0359582822184,6330.714880371093,,1785.0972768147792,6230.2156697591145,8873.547607421875,1377.416532628676,8936.85048828125,6789.077164713542,183.99434411826252,0.1952447303881248,298.0192632595031,149.96434783935544,134.1886940002442,136.15312771837262,132.69580891927083,135.05594329833983,135.02843882242837,131.94121551513678,298.0507556049764,21221.475561725205,22324.741638688018,21524.26698088843,21451.220945247933
2019-11-03 20:00:00,5962.82197265625,22881.087109375,10099.85244954427,5.416666666666667,2021.266444614956,42.71518970136883,5069.174365644695,0.0,,2.07064909140269,0.0,0.0,2456.1838663736985,2245.296739814696,,0.0094758532941341,8.851652878375093,2643.707965087892,3440.868149820964,4073.101196289063,2136.592761230469,0.0021103016589798,1950.428447469076,3089.004231770834,7474.90644773373,7393.997816858213,2484.0323960485543,75372.9375,660.0,0.0,2059.216918945313,2056.613874451188,5.464268522102292,0.0,2298.409785970053,2057.2754408892465,6330.608129882812,,1708.293151351046,6244.899934895833,8872.920686848958,1378.6297403971362,8937.245947265625,6809.386881510417,184.02472648620605,0.1962558264533678,297.9992648037998,149.8385153526117,134.18312454223633,136.15522003173834,132.68774619222694,134.95300036518515,134.95675977071127,132.0166893005371,297.8498525067795,21248.45994466146,22383.966682942708,21586.44191080729,21541.311946614584
2019-11-03 21:00:00,5972.023659073005,22895.024755859376,10156.429956054688,4.943820224719101,2025.0577962239588,42.59341355000646,5069.206274414062,0.0,,2.208743254343669,0.0,0.0,2286.9989467652385,2247.0310811360687,,0.0094192041724454,8.846838267644246,2644.123759119964,3535.8891561208684,4137.055801265496,2155.98082572873,0.0011741951958725,1949.8326651949849,3099.572989908855,4507.541539510091,7010.589196777344,2548.9514444986985,75456.20045572917,660.0,0.0,2059.6434020996103,2061.4948974609392,5.284835033615432,0.0,2316.7265030035464,2081.007564290365,6330.420629882812,,1629.713698323568,6257.026334635417,8872.583715820312,1384.012250411609,8937.245947265625,6875.424156381303,183.8947691599528,0.1968080584241562,297.977773030599,149.96829223632812,134.13650894165033,136.14205932617193,132.7628189086914,135.0078581492106,135.00095291137694,132.13010025024408,298.02726450687703,21267.43061523437,22379.03660481771,21598.295963541663,21545.369873046875
2019-11-03 22:00:00,6000.826047770182,22873.31572265625,10159.99194951418,4.12087912087912,2021.7643478015243,41.90330206553141,5069.382885742188,0.0,,2.229342937469483,0.0,0.0,2201.220534893646,2250.1227883731626,,0.0094758532941341,8.852490973472595,2645.2376678210358,3536.7741699218755,4136.886214055935,2152.076190034221,0.0019407720601303,1950.246033219267,3099.8782825630256,5167.025164948792,6858.926623432576,2556.658184660584,75624.5859375,660.0,0.0,2059.4036885579435,2058.5949419807,4.204559880495072,0.0,2332.4215759277354,2096.709161376953,6329.655943310951,,1545.3853349445246,6258.378894042969,8871.926310221354,1398.0316172367386,8937.32353515625,6916.320768229167,183.9639441172282,0.196642852149719,298.0601704915365,150.03911209106445,134.20498275756836,136.14280319213873,132.71406643449768,134.99633649190267,135.00976537068684,132.0894927978516,298.0033501238863,21256.87685546875,22369.598258463546,21589.235384114585,21518.063216145834
2019-11-03 23:00:00,5979.151798973398,22914.58333333333,10166.867526472108,4.719101123595506,2011.0046875000005,40.41819551785787,5068.76474609375,0.0,,2.3838405609130864,0.0,0.0,2201.209763590495,2252.381717936199,,0.0094758532941341,8.859111593550995,2643.479408772787,3534.463289388021,4137.641788736979,2150.8666684447226,0.0315585466131569,1949.9996122472423,3005.503964763043,4788.241313680013,4551.031828274329,2553.554144741091,75624.5859375,660.0,0.0,2058.7368971138944,2065.765504964194,5.336906460920971,0.0,2349.1282165527355,2123.192000325521,6329.51897731749,,1477.2535715738936,6277.623132324219,8872.525219726562,1412.8747782389328,8936.833360688026,6982.244657153926,183.9354341365089,0.1964171361178159,297.98046875000006,149.8856391906738,134.14440536499018,136.13635682665614,132.77832467215393,134.98160344904122,134.97783957237053,132.1594833500129,297.9649470994453,21310.364892578124,22409.344954427084,21629.48720703125,21539.44210611979
2019-11-04 00:00:00,5781.218950398763,23110.66368815104,10153.77068684896,7.861111111111111,2009.681282620471,39.64446397989738,5069.106291967975,0.0,,2.1400776644547785,0.0,0.0,2235.8382134555795,2239.3948924167107,,0.0081275105630317,8.830073640366232,2645.482536883394,3537.989558448477,4138.65162141658,2295.7580828706105,0.5065629105127993,1917.164099827286,2824.26176147461,493.808616510576,1619.4063428151587,2561.618809000652,75624.5859375,660.0,0.0,2057.6813554523374,2043.7434427897144,3.2408255030711497,0.0,2367.48046875,2113.205023647341,6328.586499023438,,1364.72726542155,6239.697277731147,8874.498773243802,1401.6606964111334,8936.523681640625,6880.385282628677,183.93520596822103,0.1971743644035163,298.0337270528329,149.81965662638348,134.08666096837064,135.97250302098388,132.80944521565078,135.0425921122233,134.2530925334001,131.85460412802823,297.8927258809408,21568.802880859374,22614.6337890625,21778.208382161454,21703.276774088543
2019-11-04 01:00:00,6072.464179030987,23000.48666992188,10188.720727744225,76.88888888888889,2007.6764491057595,40.245739739788455,5069.886747472427,0.0,,1.7109176814556124,0.0,0.0,2199.3669741334043,2213.986973063152,,0.0057055924220808,8.853400246435855,2656.4856859736087,3538.234268316702,4135.11242368041,2146.841426595053,0.0,1824.5150950113937,2578.2168112362137,0.0,0.0,2576.4554207425163,75624.5859375,660.0,0.0,2059.083032226563,2022.6494160970065,4.777345413963001,0.0,2385.437432297138,2113.8042607668067,6327.677783203125,,1272.0293863932302,6215.015263918067,8873.043395483193,1366.1376892089845,8937.438597623966,6698.684170809659,183.99197092777536,0.1966434945006015,298.0263977050782,150.3076248810072,134.22506713867193,135.9502754211426,132.28319735486969,134.43154343036045,134.05346310933433,131.31839726765958,298.092264811198,21447.29763997396,22540.103515625,21694.85372721354,21631.06396484375
2019-11-04 02:00:00,6192.087276204427,22934.865087890623,10189.53721516927,76.72222222222223,2012.972013346355,40.967113987604776,5070.463717878358,0.0,,1.526665008068085,0.0,0.0,2201.5881103515635,2222.0843261718755,,0.007549783156719,8.853519598642984,2659.0075297037765,3538.7384785970057,4135.226818847656,2133.2423990885427,0.0003142074061143,1800.0833882649745,2754.114556884766,0.0,0.0,2571.738517252605,75624.5859375,660.0,0.0,2058.49585768014,2022.5923807779968,4.727753576636316,0.0,2403.170855712891,2138.696048990887,6326.943530273437,,1198.712828572592,6233.755613216684,8871.919954427083,1365.2486572265627,8937.846392463236,6753.925104221376,184.0363835106212,0.1965635504573583,297.99628702799487,149.93471003760976,133.83706280363714,135.34984430990932,131.89367776665813,134.05111820441635,133.90917060789005,131.0550091956273,297.8480386024665,21360.86814778646,22480.298079427084,21640.8259765625,21583.87037760417
2019-11-04 03:00:00,6178.568508684142,22957.348388671875,10187.18659607438,17.055555555555557,2000.452231852214,40.00671184857686,5070.310095214843,0.0,,1.8162049233913424,0.0,0.0,2200.4777105662456,2231.250326204701,,0.0085207771929365,8.844526314538372,2659.167238362631,3538.7051818847663,4136.726029459635,2143.5631811318285,0.0,1799.953896402311,2749.9526570638027,0.0,0.0,2566.8971435546887,75624.5859375,660.0,0.0,2058.5598510742198,2026.7680053710944,4.885409131523006,0.0,2419.37674153646,2160.932226562501,6325.679110440341,,1119.8611889043138,6251.554137670693,8870.68017578125,1370.1889617919917,8937.889404296875,6761.2903238932295,184.0390633900961,0.1967352310816446,297.96017203843303,149.81187836462706,133.28316491497444,134.63563909450497,131.3162076314291,133.4783480347706,132.991241326853,129.71849028269455,298.09221394856775,21388.99285481771,22478.80662434896,21665.977132161457,21603.250602213546
2019-11-04 04:00:00,5979.75098063151,22927.740169270837,10233.356070963542,12.916666666666666,1997.4730946858729,39.48002753257752,5053.520380613183,0.0,,1.740284990673223,0.0,0.0,2271.5054921382625,2229.78280362216,,0.0092473526352218,8.854831559317452,2658.588651529949,3539.2208536783864,4137.126232910156,2163.315708128875,0.0,1800.1898778489804,2524.399147727274,0.0,0.0,2563.237766520183,75624.5859375,660.0,0.0,2059.061619862789,2029.6782948811851,4.167379915213385,0.0,2438.2752909342457,2178.508084888302,6325.23659893645,,1042.659776306153,6255.951839192709,8869.754475911459,1371.8649047851568,8938.105743155991,6773.918448893229,183.9907847172072,0.196513157710433,298.0377400716146,150.1683511024665,132.7216694294905,134.0152969360352,130.8381252769663,133.11183102925622,133.1324481964112,129.82457707722986,297.9414049677489,21356.925260416665,22449.85574544271,21631.343212890624,21545.97944335937
2019-11-04 05:00:00,6186.893612132353,22936.470361328124,10228.842716471354,9.45054945054945,2004.853174845378,39.72367970148722,4997.171232096354,0.0,,1.6758219341437024,0.0,0.0,2297.1201741536465,2229.270751953125,,0.0091926076856907,8.938067706425985,2660.8406799316417,3541.20209757487,4137.348514811198,2159.462095133464,0.0,1800.0335703531907,2637.9853983561206,0.0,0.0,2563.748785349949,75624.5859375,660.0,0.0,2057.194366455078,2028.956334137721,4.550152030858127,0.0,2455.6902770996107,2192.9369563255004,6325.171472167969,,961.021990094866,6256.441563629907,8869.184814453125,1373.3581481420697,8938.02720424107,6765.232212035124,184.0041312225594,0.1983684139947096,297.99150594075525,150.05166244506836,132.65767478942868,134.01073837280276,130.76243414760623,132.9990076700846,132.96244265238445,129.49625762170103,298.03585815429693,21376.961555989583,22489.257877604166,21660.148974609376,21580.9828125
2019-11-04 06:00:00,6035.115461222331,23015.08448893229,10229.880558268227,7.47191011235955,2000.8025056213896,38.9132557235846,4938.93798828125,0.0,,1.6987521387949711,0.0,0.0,2223.857548989541,2229.957905232406,,0.0091926076856907,8.849946983589614,2659.961492365058,3539.012336163482,4136.562673521436,2124.3141682942714,0.0,1811.428654988607,2680.0076192220063,0.0,0.0,2564.84037475586,75624.5859375,660.0,0.0,2057.6191975911456,2037.600449505976,6.923018255829812,0.0,2472.891225179037,2216.997849141272,6324.92177734375,,881.5368359778538,6273.230842141544,8868.504516601562,1379.1434855143232,8937.626171875,6751.033801269531,184.0076545715332,0.2033971058470862,297.99572753906256,149.97369205250456,132.65212364196773,133.9853706359864,130.81964303665802,133.01081364949545,132.98639945983885,129.66998681943284,297.97560737546814,21411.16611328125,22536.40751953125,21693.34988606771,21633.450325520836
2019-11-04 07:00:00,6055.054388427734,22948.13914388021,10239.051027442229,7.0054945054945055,2014.482299804688,41.2256868203481,4939.277807617187,0.0,,1.809896390300152,0.0,0.0,2182.3729064941413,2235.7304911295587,,0.0093059059290681,8.858763368924459,2656.1352701822925,3539.089518229167,4137.9575602213545,2122.284144810269,0.0,1903.0930948893235,2781.5007059733084,0.0,0.0,2560.5658482142867,75624.5859375,660.0,0.0,2058.011814371745,2079.8661132812517,7.282558944821357,0.0,2489.3970674877337,2255.338553292411,6324.620104980469,,822.9591874835871,6321.61748046875,8867.3740234375,1395.2863026936843,8936.86733277376,6795.095075334822,184.11904538472496,0.2032256130129099,297.99166947052265,149.9718721247902,132.65824801127116,134.00696860069093,130.7765118916829,132.9560048757506,133.03023147583008,129.64847119649258,298.0196334838868,21309.11482747396,22504.284065755208,21522.941178385416,21513.703043619797
2019-11-04 08:00:00,6197.43073669938,23010.715234375,10234.778206380208,56.72222222222222,2016.6539690001944,41.35009724640649,4938.9114990234375,0.0,,2.070354169156371,0.0,0.0,2093.1655771891287,2242.157995302816,,0.0094758532941341,8.850688791275024,2649.1391255696626,3538.627982584636,4139.962764485677,2131.593663239283,1.6637150909367112e-05,1949.593966674805,3014.2453511556,0.0,0.0,2556.557281494141,75624.5859375,660.0,0.0,2056.7457567955835,2126.0245381673176,3.389746822228953,0.0,2506.6227986653653,2280.5071431477863,6324.666516113281,,746.1990224202474,6336.289070638021,8867.19853515625,1414.8354078560828,8934.806263130253,6858.308479817709,184.04662816664748,0.2034004818309437,298.0445048014324,150.0832176208496,132.68458758898015,133.9972534179688,130.8181066591878,133.02563501993816,132.98912817584576,129.6161441802979,297.92869008382166,21411.113248697915,22650.122265625,21511.867431640625,21617.94259440104
2019-11-04 09:00:00,6290.69735179228,22994.10465494792,10237.59608245093,8.286516853932584,1998.6039398193363,40.05935271581014,4971.708410644531,0.0,,2.080948932965597,0.0,0.0,2078.3216237386077,2257.790826877627,,0.0094758532941341,8.851176770528157,2623.4806416829438,3540.4396484375006,3947.91865641276,2144.259867350261,0.0003884214879875,1949.7224477132163,3100.4262817382823,0.0,0.0,2552.973336211907,75624.5859375,660.0,0.0,2056.947056361608,2176.1251230791586,4.9500902930895485,0.0,2523.392709427522,2304.859252929688,6324.132788085937,,667.2870508619576,6339.76907928719,8868.046728515625,1426.5416187959563,8934.512255859376,6951.95693359375,184.0120730082194,0.2034582173874398,298.0206502278646,150.0405870966551,132.81608874003092,133.99378204345706,130.80277463768715,132.9992554982503,133.03757476806643,129.60063934326178,297.93509928385424,21397.028678385417,22583.47810872396,21584.187939453124,21637.136490885416
2019-11-04 10:00:00,6056.885001627604,22916.84650065104,10367.099026720063,244.13888888888889,1986.6886383056649,40.197753270467125,5069.382885742188,0.0,,2.088196965058645,0.0,0.0,2078.3365888836006,2261.866719563803,,0.0094758532941341,8.850852140859395,2459.240897042412,3540.6775004923843,3780.89667927718,2152.9830708821623,0.4574897760660093,1950.202380371094,2957.07836303711,368.7377313643413,0.0,2606.657462565105,75624.5859375,660.0,0.0,2056.4926025390623,2165.4447462578783,4.090300636843216,0.0,2541.1344746907557,2333.221657307944,6324.17919921875,,596.5887769170168,6358.184098307292,8868.241284179687,1443.563225301107,8933.899462890626,7074.67522033187,183.97124815381264,0.203437762319549,298.0122789114961,149.97542830538157,132.83398170471187,133.99351052676937,130.80034429376778,133.00097262064617,133.00137303670243,129.46839789382557,298.080312093099,21360.78011067708,22541.723974609376,21419.835856119797,21511.37657877604
2019-11-04 11:00:00,5970.387110182077,22799.067447916663,10462.054541015625,892.7222222222222,1974.559213256836,39.89372418721517,5069.36816813151,0.0,,2.1057448387146,0.0,0.0,2110.7798386250656,2279.1981009491224,,0.0094758532941341,8.852166412290464,2455.731703576964,3541.92227248515,3781.33074598076,2150.5154174804698,0.1070070147326053,1949.7495208740245,2949.8713846842456,3588.437374623617,0.0,2624.1928120930997,75624.5859375,660.0,0.0,2055.811251049199,2133.285263187629,4.055784463882445,0.0,2560.169100674716,2378.2368668485287,6324.186870480372,,951.0457163408768,6374.129418945313,8869.932495117188,1573.5948476239676,8933.153893336777,7461.598038736979,184.02844530741376,0.2033880511919657,297.98652140299487,150.01078414916995,132.84104342420562,134.0101852416993,130.8155456030069,132.99747434984738,133.03801358540852,129.3541872660319,297.9345313320641,21272.835546875,22418.84943033854,21384.538525390624,21514.34503580729
2019-11-04 12:00:00,6022.296546743697,22975.351009114584,10183.83104654948,245.21978021978023,1949.193645573464,38.25733757019043,5069.886747472427,0.0,,2.136388995430687,0.0,0.0,2111.5340382893887,2266.2505231584832,,0.0094758532941341,8.850214878718058,2453.108864339193,3540.8053588867188,3780.5146016438807,2147.9286001509986,0.0208991089836931,1905.809162394206,2856.7568400065115,5173.058921305338,0.0,2622.124807149423,75624.5859375,660.0,0.0,2055.323856608073,2115.3028238932297,3.204715152748493,0.0,2583.5082417806,2422.9521935727425,6323.867191603204,,1525.0860318736875,6384.02440999349,8873.191569010416,1568.2905008951825,8933.487548828125,7642.839680989583,184.01396217666755,0.2030575509582247,297.9974129300158,150.04818058815323,132.85442749527863,134.0102615356446,130.81124020410965,133.00437511097303,133.0219014913094,129.3311840057373,297.9644101986216,21380.62511393229,22512.11700846354,21699.17802734375,21724.96127929688
2019-11-04 13:00:00,4872.838308113665,22882.90152994792,9717.961865637912,299.0,1959.958455739928,39.782942606397896,5070.442553710937,0.0,,2.230381576954818,0.0,0.0,2131.1628509521493,2260.588310304753,,0.0094758532941341,8.846682596206666,2447.556374104818,3538.463533528646,3778.9417378743497,2151.6554429235543,0.0454419809333222,1894.392907714844,2544.4889292399093,6798.286010742188,2416.8177345235367,2622.176905103952,75641.99296875,660.0,0.0,2055.427982584636,2083.229036731881,3.450115320111109,0.0,2632.4198038736986,2421.4619954427094,6323.831115722656,,2101.2530073686085,6391.330676269531,8875.751081482438,1493.097830200196,8933.738330488446,7492.319523111979,183.99946543796003,0.2035708000262578,298.04451102264665,149.99877166748053,132.78518842061362,134.00597000122076,130.79011306762698,133.01245707023045,132.97566097038836,129.29454065958657,298.09414929301806,21317.844580078126,22422.521256510416,21603.212532552083,21569.62078450521
2019-11-04 14:00:00,6569.744838460287,22788.795003939074,9844.442473082983,4.527777777777778,1966.6086374918625,40.82322257359822,5023.757397460938,0.0,,2.28960977901112,0.0,0.0,2199.9759460449227,2255.0155572971385,,0.0094758532941341,8.84464385509491,2441.6136698404957,3570.3983296712245,3775.3029683431,2167.8060518152583,0.0182999077744272,1850.5054152031917,2906.2880920410166,4544.154135131836,2285.2621397774706,2640.7761088053394,75750.06875,660.0,0.0,2056.9860778808597,2070.806518554689,3.698966412985025,0.0,2678.567641314339,2459.4873575846364,6323.864677492252,,2663.5142093946965,6386.1889689469535,8879.189305409664,1366.6839168772983,8934.428369140625,7350.75924451812,183.9667734781901,0.2035442718615134,297.96674225109973,149.96596145629888,132.76660906473796,134.0326347351075,130.81998924447714,133.00783920288083,133.00028546651205,129.3961828562839,297.85691795664394,21232.45048253677,22329.02033547794,21516.710182510506,21493.02028623949
2019-11-04 15:00:00,6020.480114746094,22777.491929235537,10169.312435433883,4.943820224719101,1965.538729858399,39.44419743220011,5005.3212890625,0.0,,2.168063207834709,0.0,0.0,2277.0011352539077,2250.397658284506,,0.0094758532941341,8.852158482869466,2434.936578369141,3580.045593261719,3772.950004069011,2174.555623372397,0.0220288997751342,1850.146307373048,2971.087375895183,6736.275720214844,4177.002682495117,2814.868115234376,75875.484375,660.0,0.0,2056.795326040573,2060.01155329933,4.588677897926205,0.0,2713.761987102919,2481.263153076173,6323.529443359375,,3215.6973368326826,6377.017719363378,8882.818872070313,1303.5248229980475,8933.825732421876,7284.060526698089,183.75801073710127,0.2033828372756639,298.0185648600261,150.78659083048512,132.22901262555808,133.97450899486702,130.5537268268176,133.04171498616537,132.96589160566566,129.28170955882354,298.0513740539552,21231.88655733471,22322.413788094007,21493.89060885847,21482.082450929756
2019-11-04 16:00:00,5996.483866373698,22858.15431328781,10363.375582654937,5.0,1997.2162567138676,40.80290665626526,5006.030679654675,0.0,,2.00045759677887,0.0,0.0,2389.147462972006,2239.1264424641936,,0.0094192041724454,8.845017091433208,2448.8408711751317,3593.203778076172,3770.295804850261,2208.056235069086,0.0236546906450724,1849.824943101111,2999.6307535807296,7431.882836914063,2015.4809211761933,2833.15985921224,75875.484375,660.0,0.0,2056.682631311338,2045.0500293379075,3.5022660794378333,0.0,2747.9844523111988,2495.145747917743,6322.717248535157,,3749.311928304037,6350.783215434612,8883.707313726756,1398.3229001888562,8935.40859375,7092.499774323792,184.05673777262373,0.2035362796237071,297.98514811197924,150.97843577067053,132.74104031649503,133.99881904666174,130.81312227649855,132.93956750286512,132.98649584452306,129.63702304304138,297.74883626302096,21324.4168855042,22397.1518021271,21576.769285057773,21542.532973345587
2019-11-04 17:00:00,5923.42409893645,22857.95318956612,10429.37246577996,4.97191011235955,1988.9619720458984,39.77848712603251,5005.91162109375,0.0,,1.6706735910462942,0.0,0.0,2660.3846008300784,2237.5383341135075,,0.0094758532941341,8.846066252390544,2494.342100016277,3626.747100830079,3769.8643859863287,2161.888838704428,0.0015132847547211,1870.9701385498047,3000.234824625652,7493.519921875,4.882803190107434e-15,2839.613877360027,75875.484375,660.0,0.0,2057.261287913603,2036.0860494818571,3.849978366494179,0.0,2781.6385775013136,2518.3139689127606,6322.533359046744,,4285.074368059143,6342.691886393229,8882.058382161458,1418.9453925124735,8936.26202543905,6963.7215861002605,184.03527998723908,0.2034815626203521,298.0411987304688,151.02061449791773,132.84264187852875,134.01440253139535,130.83963327959552,133.03780833011916,133.00458305926358,129.56071751912438,297.9453226725261,21272.49297843492,22379.668227014463,21573.99489927686,21501.71661931818
2019-11-04 18:00:00,5851.581927490234,22898.477891938022,10451.504841780465,4.725274725274725,1988.66949821921,40.133909241492006,5006.861799993435,0.0,,1.7783811453009857,0.0,0.0,2746.662133789064,2237.6908691406256,,0.0093625550507567,8.85404823621114,2504.8406270345063,3623.5970642089846,3774.2081726074234,2158.1183227539077,1.2785925936937098e-05,1899.8974853515635,2999.967553710938,6968.7198486328125,0.0,2843.1626118977874,75875.484375,660.0,0.0,2056.452115885417,2033.7372718618703,4.674029101928075,0.0,2814.7432413736983,2546.7658896566445,6322.023469783057,,4590.818200683594,6345.121484375,8881.264827473959,1414.0358745480366,8936.36411830357,6918.720452931301,184.0237715539853,0.2033016701706317,297.98026529947924,150.96176762941505,132.78873033760007,134.0011634826661,130.7777888193852,133.0107187906901,133.0289536794027,129.4834709167481,298.0639881807216,21324.9606092437,22442.73782169117,21607.900981486346,21595.740201549368
2019-11-04 19:00:00,5990.566707356771,22882.655712890624,10173.877766927084,4.887640449438202,1985.0304096316509,40.2813334662067,5006.45654296875,0.0,,1.6793750159996603,0.0,0.0,2756.336763509116,2232.44394408154,,0.009135958564002,8.846807718276978,2565.796040852865,3624.0678649902343,3775.445387776693,2175.4222412109384,0.0014624673131649,1900.1419433593755,2992.320426432292,4994.239471435547,0.0,2792.232559332327,75875.484375,660.0,0.0,2057.3138336938277,2029.3816497802752,4.1343047996362055,0.0,2849.8114278157564,2572.754051523761,6321.52685546875,,4512.433967141544,6342.732503255208,8880.184274881827,1402.8606192965483,8936.40546875,6847.578383501838,184.03728281656905,0.2034858713957889,298.02360026041674,151.01794307488058,132.8326385241597,134.01349441143657,130.7594622294108,132.99285384249097,132.9829724736574,129.50538635253915,298.01144510904953,21326.92903645833,22430.99611002604,21598.131575520834,21581.84065755208
2019-11-04 20:00:00,5933.114473705449,22856.656330707643,10039.192463520145,4.944444444444445,1984.1096913655604,40.66620314915975,5004.59930573792,0.0,,1.5306464583933856,0.0,0.0,2740.5920918782563,2232.2839335123704,,0.0085694673471152,8.846140154202779,2586.6144775390635,3635.4613260904953,3805.608331298829,2170.952677408855,0.0,1900.2532755533853,2864.000952148438,2355.312761731943,0.0,2714.07021077474,75875.484375,660.0,0.0,2055.9511962890624,2027.196128336589,4.755029094219209,0.0,2884.8984212239598,2602.9415852864595,6320.757267723398,,4430.414245605469,6345.731717936198,8878.406782670454,1393.3518177379256,8936.683222494834,6778.605521647135,184.0309205896714,0.2034172010918458,297.9897766113282,150.92759537897194,133.32616500854496,134.6380373636882,130.72676480611162,133.03794309471834,132.96674983757586,129.55946978400743,298.15457758627656,21267.081934400827,22397.663239282025,21558.800377711777,21523.46724883781
2019-11-04 21:00:00,5910.424890136719,22924.159049479167,10062.049593098958,4.944444444444445,1984.012734985352,41.16640682220459,5005.5029296875,0.0,,1.5488536416991685,0.0,0.0,2702.410815429688,2225.9037480630177,,0.007565701091739,8.845452904701233,2637.116780598959,3666.784120686849,3898.399041748047,2170.15995279948,0.0005086499504741,1900.380385335287,2802.248303222657,814.8322427362887,0.0,2717.9055684407563,75875.484375,660.0,0.0,2055.470149739583,2024.0504180908208,4.158335659129561,0.0,2919.2952819824227,2630.3218491498174,6320.3330078125,,4345.050280761719,6345.327303059896,8877.736557904413,1381.7807474772137,8937.45068359375,6743.50139220687,184.0107381184896,0.2034747194498777,298.01703898111987,151.0001636851918,133.60695266723636,134.9954130314598,130.73460439046224,132.97882703145342,132.98706849683234,129.7874832153321,297.8682139078777,21359.516666666663,22464.22091471354,21619.32986653646,21628.59256184896
2019-11-04 22:00:00,6032.192194065126,22887.213948567707,10075.26221516927,5.137362637362638,1978.3888753255208,40.218075307210285,5005.892159598215,0.0,,1.309454773654457,0.0,0.0,2702.0219090565924,2227.774717699581,,0.0075335976933794,8.850423989175749,2642.3011238675167,3664.472496225053,3896.714357503256,2154.758805475316,3.493419781419159e-05,1900.138700597427,2949.1973805147063,762.9832471385674,0.0,2718.0845133463545,75875.484375,660.0,0.0,2055.9511962890624,2020.7500885009783,4.084712981184324,0.0,2952.2291788736984,2659.196130371094,6319.70146891276,,4262.06982828776,6348.834061686198,8875.165918775827,1373.223508690586,8938.006396484376,6671.347509765625,184.0291319287513,0.2033065630743901,298.0246683756511,151.1231333414713,133.60894119641014,134.98567530314125,130.7874043782552,132.96936009935112,133.0373837809917,129.7168107466264,298.00556881688226,21314.603125,22436.790657552083,21589.877180989584,21573.156331380207
2019-11-04 23:00:00,5957.402727111312,22935.365104166667,10094.243538411458,5.111111111111111,1994.741310628256,42.12005621592204,5004.459631347656,0.0,,1.26344690322876,0.0,0.0,2702.50946044922,2219.4049768369064,,0.008408415298678,8.851421761512757,2643.1947428385424,3666.897493489584,3895.52644309677,2222.069095832258,0.0002471326357355,2101.529587422521,2949.524577495481,4678.295792134603,0.0,2714.558206353306,75875.484375,660.0,0.0,2056.2537190755206,2018.7540415445976,3.772284514705341,0.0,2984.6829182942715,2689.278485107423,6319.455436197916,,4177.418359375,6346.442134602865,8873.68749186198,1353.5735700623068,8938.115685727416,6592.418880208334,184.02640039780565,0.2031822467843692,297.98291015625006,150.93594233194983,133.60827739298853,135.00823961893713,130.80981763203943,133.0298255471622,133.0182339986165,129.52175236549706,297.78759028116866,21370.63670247396,22484.87911783854,21637.55400390625,21614.6580078125
2019-11-05 00:00:00,5985.0875,22962.68649088541,10087.562662760416,4.805555555555555,1980.8640645345051,41.014190737406416,5005.375402832031,0.0,,1.0704202930132551,0.0,0.0,2699.8566914876305,2213.325307210287,,0.0074193473639232,8.84278581937154,2641.030403645834,3671.117982991537,3892.760697428386,2194.795717366537,0.0003899990428731,2199.8215494791675,2949.2566223144536,4979.718459065755,0.0,2714.923400878907,75875.484375,660.0,0.0,2055.709265444459,2011.0376586914065,5.194222356091028,0.0,3017.048392303719,2710.705324283317,6318.901899857955,,4089.148158772786,6339.051693246384,8871.667509191177,1328.1234715565918,8938.16375581095,6473.783805338541,183.97967961629237,0.2034794208904107,298.0189372921779,151.04441833496094,133.64309692382818,134.99561271667477,130.8009300231934,132.98092498779295,133.02250645955405,129.43410682678223,298.0888595581055,21379.743619791665,22508.906282552085,21639.588053385414,21655.469205729165
2019-11-05 01:00:00,5924.414177389706,22905.2318359375,10084.821313681725,4.861111111111111,1977.3111368815107,41.43393446604411,5004.505419921875,0.0,,0.9651330510775248,0.0,0.0,2694.3929626464846,2206.268369547527,,0.0055431869950853,8.8509601354599,2635.978450520834,3670.204132080079,3891.260321044922,2169.3339579264334,0.0012517773872101,2071.478194173178,2813.081118287159,4437.235489400228,0.0,2717.6235269498434,75875.484375,660.0,0.0,2055.500724283854,2007.2163650891007,5.566681886712711,0.0,3047.575849773504,2737.3318548122384,6318.848165047269,,4004.162658691407,6340.352278645833,8869.744471526343,1310.3125915527348,8938.690551757812,6390.999865722656,183.94092763264976,0.2033609780172507,298.0191752115886,151.03174135865282,133.65188980102548,134.9950279428177,130.82593794893634,133.00972735087078,133.0019369686351,129.45198740052788,298.1916531880697,21330.9728515625,22463.57439778646,21587.72902018229,21605.327897135416
2019-11-05 02:00:00,5861.537924522211,22841.778434244792,10084.865194021178,4.550561797752809,1981.834495035808,41.83785591125488,5004.368054199219,0.0,,1.0616463561852774,0.0,0.0,2697.092503066891,2206.235562877496,,0.0060202568711247,8.846257800898275,2625.5127319335943,3667.755623372396,3890.81151529948,2162.5295471191416,4.8595498707923067e-05,1806.4767120361332,2643.1979044596364,3475.406162770589,0.0,2718.125996907553,75875.484375,660.0,0.0,2054.8316761363635,2006.8513244628907,5.849355269471804,0.0,3073.408414982568,2767.739312744141,6317.822043678977,,3921.3525492350254,6350.801155598959,8868.504516601562,1300.7295325413222,8939.100528492647,6355.740271303834,184.1131336212158,0.2034910606841246,298.0362141927084,150.95817591349285,133.65618133544925,135.0029753367105,130.7663024132993,133.02040837605793,133.0204853057861,129.3633024071445,297.9349474589031,21280.836197916666,22408.03175455729,21522.62521158854,21522.52950846354
2019-11-05 03:00:00,6106.674173990886,22943.39339192708,10093.66628643645,4.532967032967033,1974.3593596129865,39.00630872389849,5004.871728515625,0.0,,1.0440984825293225,0.0,0.0,2699.4058471679696,2203.197310384116,,0.0059340930809932,8.852022910118103,2622.12760282154,3667.0740593524015,3888.246241041452,2142.6991325827216,8.058619113712727e-05,1995.2573293477549,2989.4483491251294,3659.334257007631,0.0,2721.2723600529453,75875.484375,660.0,0.0,2055.1416466977416,2005.225689543396,5.5410594383875535,0.0,3100.116459181329,2799.096179199219,6317.8291015625,,3843.695104980469,6352.980374376313,8867.7476119354,1298.1486175537125,8939.107657877605,6342.226672363281,183.99382553100588,0.2031793786833683,297.98002637334235,151.07705332438152,133.62190628051766,135.0188827514648,130.8201305294825,132.98566607010264,133.01644134521482,129.36385854085287,298.0701364564502,21370.442057291668,22495.135498046875,21616.521875,21625.48221028646
